"theme_folder","theme_name_pt","product_no","title_ko","source_category_folder","source_detail_url","themed_file","bytes"
"01-alimentos-e-bebidas","Alimentos e Bebidas","1339","파이브가이즈","01-food-beverage","https://oxfordtoy.co.kr/portfolio/detail_popup.html?product_no=1339&cate_no=78&display_group=1","001__1339__파이브가이즈.jpg","151325"
"01-alimentos-e-bebidas","Alimentos e Bebidas","1338","테라로사","01-food-beverage","https://oxfordtoy.co.kr/portfolio/detail_popup.html?product_no=1338&cate_no=78&display_group=1","002__1338__테라로사.jpg","164931"
"01-alimentos-e-bebidas","Alimentos e Bebidas","1335","아웃백","01-food-beverage","https://oxfordtoy.co.kr/portfolio/detail_popup.html?product_no=1335&cate_no=78&display_group=1","003__1335__아웃백.jpg","169258"
"01-alimentos-e-bebidas","Alimentos e Bebidas","1307","고등어 연구소","01-food-beverage","https://oxfordtoy.co.kr/portfolio/detail_popup.html?product_no=1307&cate_no=78&display_group=1","004__1307__고등어 연구소.jpg","397544"
"01-alimentos-e-bebidas","Alimentos e Bebidas","258","농심 배홍동비빔면","01-food-beverage","https://oxfordtoy.co.kr/portfolio/detail_popup.html?product_no=258&cate_no=78&display_group=1","005__258__농심 배홍동비빔면.jpg","174848"
"01-alimentos-e-bebidas","Alimentos e Bebidas","257","농심 안성탕면","01-food-beverage","https://oxfordtoy.co.kr/portfolio/detail_popup.html?product_no=257&cate_no=78&display_group=1","006__257__농심 안성탕면.jpg","223343"
"01-alimentos-e-bebidas","Alimentos e Bebidas","256","코코이찌방야","01-food-beverage","https://oxfordtoy.co.kr/portfolio/detail_popup.html?product_no=256&cate_no=78&display_group=1","007__256__코코이찌방야.jpg","189913"
"01-alimentos-e-bebidas","Alimentos e Bebidas","255","코코이찌방야","01-food-beverage","https://oxfordtoy.co.kr/portfolio/detail_popup.html?product_no=255&cate_no=78&display_group=1","008__255__코코이찌방야.jpg","149409"
"01-alimentos-e-bebidas","Alimentos e Bebidas","254","코코이찌방야","01-food-beverage","https://oxfordtoy.co.kr/portfolio/detail_popup.html?product_no=254&cate_no=78&display_group=1","009__254__코코이찌방야.jpg","183774"
"01-alimentos-e-bebidas","Alimentos e Bebidas","253","농심 너구리","01-food-beverage","https://oxfordtoy.co.kr/portfolio/detail_popup.html?product_no=253&cate_no=78&display_group=1","010__253__농심 너구리.jpg","238521"
"01-alimentos-e-bebidas","Alimentos e Bebidas","235","네스카페","01-food-beverage","https://oxfordtoy.co.kr/portfolio/detail_popup.html?product_no=235&cate_no=78&display_group=1","011__235__네스카페.jpg","75114"
"01-alimentos-e-bebidas","Alimentos e Bebidas","234","동원 F&amp;B","01-food-beverage","https://oxfordtoy.co.kr/portfolio/detail_popup.html?product_no=234&cate_no=78&display_group=1","012__234__동원 F&amp;B.jpg","71324"
"01-alimentos-e-bebidas","Alimentos e Bebidas","223","박카스","01-food-beverage","https://oxfordtoy.co.kr/portfolio/detail_popup.html?product_no=223&cate_no=78&display_group=1","013__223__박카스.jpg","218223"
"01-alimentos-e-bebidas","Alimentos e Bebidas","216","또래오래","01-food-beverage","https://oxfordtoy.co.kr/portfolio/detail_popup.html?product_no=216&cate_no=78&display_group=1","014__216__또래오래.jpg","348765"
"01-alimentos-e-bebidas","Alimentos e Bebidas","215","이바돔 감자탕","01-food-beverage","https://oxfordtoy.co.kr/portfolio/detail_popup.html?product_no=215&cate_no=78&display_group=1","015__215__이바돔 감자탕.jpg","222427"
"01-alimentos-e-bebidas","Alimentos e Bebidas","214","쉐이크 쉑 버거","01-food-beverage","https://oxfordtoy.co.kr/portfolio/detail_popup.html?product_no=214&cate_no=78&display_group=1","016__214__쉐이크 쉑 버거.jpg","164463"
"01-alimentos-e-bebidas","Alimentos e Bebidas","196","이삭 토스트","01-food-beverage","https://oxfordtoy.co.kr/portfolio/detail_popup.html?product_no=196&cate_no=78&display_group=1","017__196__이삭 토스트.jpg","205021"
"01-alimentos-e-bebidas","Alimentos e Bebidas","195","크리스피 도넛","01-food-beverage","https://oxfordtoy.co.kr/portfolio/detail_popup.html?product_no=195&cate_no=78&display_group=1","018__195__크리스피 도넛.jpg","170358"
"01-alimentos-e-bebidas","Alimentos e Bebidas","194","크리스피 도넛","01-food-beverage","https://oxfordtoy.co.kr/portfolio/detail_popup.html?product_no=194&cate_no=78&display_group=1","019__194__크리스피 도넛.jpg","189920"
"01-alimentos-e-bebidas","Alimentos e Bebidas","191","크라운 제과","01-food-beverage","https://oxfordtoy.co.kr/portfolio/detail_popup.html?product_no=191&cate_no=78&display_group=1","020__191__크라운 제과.jpg","226760"
"01-alimentos-e-bebidas","Alimentos e Bebidas","187","스무디킹","01-food-beverage","https://oxfordtoy.co.kr/portfolio/detail_popup.html?product_no=187&cate_no=78&display_group=1","021__187__스무디킹.jpg","1670537"
"01-alimentos-e-bebidas","Alimentos e Bebidas","179","캘로그","01-food-beverage","https://oxfordtoy.co.kr/portfolio/detail_popup.html?product_no=179&cate_no=78&display_group=1","022__179__캘로그.jpg","156315"
"01-alimentos-e-bebidas","Alimentos e Bebidas","159","KANU 맥심","01-food-beverage","https://oxfordtoy.co.kr/portfolio/detail_popup.html?product_no=159&cate_no=78&display_group=1","023__159__KANU 맥심.jpg","79346"
"01-alimentos-e-bebidas","Alimentos e Bebidas","158","맥심 커피","01-food-beverage","https://oxfordtoy.co.kr/portfolio/detail_popup.html?product_no=158&cate_no=78&display_group=1","024__158__맥심 커피.jpg","1906613"
"01-alimentos-e-bebidas","Alimentos e Bebidas","153","SUBWAY","01-food-beverage","https://oxfordtoy.co.kr/portfolio/detail_popup.html?product_no=153&cate_no=78&display_group=1","025__153__SUBWAY.jpg","168141"
"01-alimentos-e-bebidas","Alimentos e Bebidas","129","이디야 커피","01-food-beverage","https://oxfordtoy.co.kr/portfolio/detail_popup.html?product_no=129&cate_no=78&display_group=1","026__129__이디야 커피.jpg","1833571"
"01-alimentos-e-bebidas","Alimentos e Bebidas","128","이디야 커피","01-food-beverage","https://oxfordtoy.co.kr/portfolio/detail_popup.html?product_no=128&cate_no=78&display_group=1","027__128__이디야 커피.jpg","661480"
"01-alimentos-e-bebidas","Alimentos e Bebidas","127","이디야 커피","01-food-beverage","https://oxfordtoy.co.kr/portfolio/detail_popup.html?product_no=127&cate_no=78&display_group=1","028__127__이디야 커피.jpg","695430"
"01-alimentos-e-bebidas","Alimentos e Bebidas","125","CJ 제일제당","01-food-beverage","https://oxfordtoy.co.kr/portfolio/detail_popup.html?product_no=125&cate_no=78&display_group=1","029__125__CJ 제일제당.jpg","72441"
"01-alimentos-e-bebidas","Alimentos e Bebidas","124","CJ 제일제당","01-food-beverage","https://oxfordtoy.co.kr/portfolio/detail_popup.html?product_no=124&cate_no=78&display_group=1","030__124__CJ 제일제당.jpg","635246"
"01-alimentos-e-bebidas","Alimentos e Bebidas","123","CJ 제일제당","01-food-beverage","https://oxfordtoy.co.kr/portfolio/detail_popup.html?product_no=123&cate_no=78&display_group=1","031__123__CJ 제일제당.jpg","606826"
"01-alimentos-e-bebidas","Alimentos e Bebidas","122","CJ 제일제당","01-food-beverage","https://oxfordtoy.co.kr/portfolio/detail_popup.html?product_no=122&cate_no=78&display_group=1","032__122__CJ 제일제당.jpg","619542"
"01-alimentos-e-bebidas","Alimentos e Bebidas","27","배스킨라빈스","01-food-beverage","https://oxfordtoy.co.kr/portfolio/detail_popup.html?product_no=27&cate_no=78&display_group=1","033__27__배스킨라빈스.jpg","1540766"
"01-alimentos-e-bebidas","Alimentos e Bebidas","26","배스킨라빈스","01-food-beverage","https://oxfordtoy.co.kr/portfolio/detail_popup.html?product_no=26&cate_no=78&display_group=1","034__26__배스킨라빈스.jpg","203765"
"01-alimentos-e-bebidas","Alimentos e Bebidas","25","배스킨라빈스","01-food-beverage","https://oxfordtoy.co.kr/portfolio/detail_popup.html?product_no=25&cate_no=78&display_group=1","035__25__배스킨라빈스.jpg","220956"
"01-alimentos-e-bebidas","Alimentos e Bebidas","24","배스킨라빈스","01-food-beverage","https://oxfordtoy.co.kr/portfolio/detail_popup.html?product_no=24&cate_no=78&display_group=1","036__24__배스킨라빈스.jpg","218286"
"01-alimentos-e-bebidas","Alimentos e Bebidas","23","배스킨라빈스","01-food-beverage","https://oxfordtoy.co.kr/portfolio/detail_popup.html?product_no=23&cate_no=78&display_group=1","037__23__배스킨라빈스.jpg","234956"
"01-alimentos-e-bebidas","Alimentos e Bebidas","22","배스킨라빈스","01-food-beverage","https://oxfordtoy.co.kr/portfolio/detail_popup.html?product_no=22&cate_no=78&display_group=1","038__22__배스킨라빈스.jpg","354156"
"01-alimentos-e-bebidas","Alimentos e Bebidas","21","배스킨라빈스","01-food-beverage","https://oxfordtoy.co.kr/portfolio/detail_popup.html?product_no=21&cate_no=78&display_group=1","039__21__배스킨라빈스.jpg","384735"
"01-alimentos-e-bebidas","Alimentos e Bebidas","20","배스킨라빈스","01-food-beverage","https://oxfordtoy.co.kr/portfolio/detail_popup.html?product_no=20&cate_no=78&display_group=1","040__20__배스킨라빈스.jpg","334925"
"01-alimentos-e-bebidas","Alimentos e Bebidas","19","배스킨라빈스","01-food-beverage","https://oxfordtoy.co.kr/portfolio/detail_popup.html?product_no=19&cate_no=78&display_group=1","041__19__배스킨라빈스.jpg","336828"
"02-aviacao-ferrovia-e-transporte","Aviação, Ferrovia e Transporte","1394","PARATA AIR","02-retail-distribution-aviation","https://oxfordtoy.co.kr/portfolio/detail_popup.html?product_no=1394&cate_no=79&display_group=1","001__1394__PARATA AIR.jpg","213488"
"06-varejo-e-hospitalidade","Varejo e Hospitalidade","1375","신세계백화점","02-retail-distribution-aviation","https://oxfordtoy.co.kr/portfolio/detail_popup.html?product_no=1375&cate_no=79&display_group=1","002__1375__신세계백화점.jpg","71437"
"06-varejo-e-hospitalidade","Varejo e Hospitalidade","1334","다이소","02-retail-distribution-aviation","https://oxfordtoy.co.kr/portfolio/detail_popup.html?product_no=1334&cate_no=79&display_group=1","003__1334__다이소.jpg","194084"
"06-varejo-e-hospitalidade","Varejo e Hospitalidade","1333","다이소","02-retail-distribution-aviation","https://oxfordtoy.co.kr/portfolio/detail_popup.html?product_no=1333&cate_no=79&display_group=1","004__1333__다이소.jpg","215749"
"06-varejo-e-hospitalidade","Varejo e Hospitalidade","1332","다이소","02-retail-distribution-aviation","https://oxfordtoy.co.kr/portfolio/detail_popup.html?product_no=1332&cate_no=79&display_group=1","005__1332__다이소.jpg","187006"
"06-varejo-e-hospitalidade","Varejo e Hospitalidade","1331","다이소","02-retail-distribution-aviation","https://oxfordtoy.co.kr/portfolio/detail_popup.html?product_no=1331&cate_no=79&display_group=1","006__1331__다이소.jpg","190166"
"06-varejo-e-hospitalidade","Varejo e Hospitalidade","1286","트레이더스","02-retail-distribution-aviation","https://oxfordtoy.co.kr/portfolio/detail_popup.html?product_no=1286&cate_no=79&display_group=1","007__1286__트레이더스.jpg","776033"
"02-aviacao-ferrovia-e-transporte","Aviação, Ferrovia e Transporte","227","대한항공","02-retail-distribution-aviation","https://oxfordtoy.co.kr/portfolio/detail_popup.html?product_no=227&cate_no=79&display_group=1","008__227__대한항공.jpg","174307"
"02-aviacao-ferrovia-e-transporte","Aviação, Ferrovia e Transporte","226","대한항공","02-retail-distribution-aviation","https://oxfordtoy.co.kr/portfolio/detail_popup.html?product_no=226&cate_no=79&display_group=1","009__226__대한항공.jpg","173044"
"06-varejo-e-hospitalidade","Varejo e Hospitalidade","222","세븐일레븐","02-retail-distribution-aviation","https://oxfordtoy.co.kr/portfolio/detail_popup.html?product_no=222&cate_no=79&display_group=1","010__222__세븐일레븐.jpg","175282"
"06-varejo-e-hospitalidade","Varejo e Hospitalidade","209","롯데마트","02-retail-distribution-aviation","https://oxfordtoy.co.kr/portfolio/detail_popup.html?product_no=209&cate_no=79&display_group=1","011__209__롯데마트.jpg","193604"
"02-aviacao-ferrovia-e-transporte","Aviação, Ferrovia e Transporte","205","이스타 항공","02-retail-distribution-aviation","https://oxfordtoy.co.kr/portfolio/detail_popup.html?product_no=205&cate_no=79&display_group=1","012__205__이스타 항공.jpg","231703"
"02-aviacao-ferrovia-e-transporte","Aviação, Ferrovia e Transporte","188","티웨이 항공","02-retail-distribution-aviation","https://oxfordtoy.co.kr/portfolio/detail_popup.html?product_no=188&cate_no=79&display_group=1","013__188__티웨이 항공.jpg","1585335"
"03-automotivo-e-mobilidade","Automotivo e Mobilidade","168","쏘카","02-retail-distribution-aviation","https://oxfordtoy.co.kr/portfolio/detail_popup.html?product_no=168&cate_no=79&display_group=1","014__168__쏘카.jpg","596607"
"06-varejo-e-hospitalidade","Varejo e Hospitalidade","167","이마트","02-retail-distribution-aviation","https://oxfordtoy.co.kr/portfolio/detail_popup.html?product_no=167&cate_no=79&display_group=1","015__167__이마트.jpg","1835767"
"06-varejo-e-hospitalidade","Varejo e Hospitalidade","166","이마트","02-retail-distribution-aviation","https://oxfordtoy.co.kr/portfolio/detail_popup.html?product_no=166&cate_no=79&display_group=1","016__166__이마트.jpg","1854248"
"06-varejo-e-hospitalidade","Varejo e Hospitalidade","165","이마트","02-retail-distribution-aviation","https://oxfordtoy.co.kr/portfolio/detail_popup.html?product_no=165&cate_no=79&display_group=1","017__165__이마트.jpg","1883660"
"02-aviacao-ferrovia-e-transporte","Aviação, Ferrovia e Transporte","164","제주항공","02-retail-distribution-aviation","https://oxfordtoy.co.kr/portfolio/detail_popup.html?product_no=164&cate_no=79&display_group=1","018__164__제주항공.jpg","219628"
"02-aviacao-ferrovia-e-transporte","Aviação, Ferrovia e Transporte","163","제주항공","02-retail-distribution-aviation","https://oxfordtoy.co.kr/portfolio/detail_popup.html?product_no=163&cate_no=79&display_group=1","019__163__제주항공.jpg","1631032"
"02-aviacao-ferrovia-e-transporte","Aviação, Ferrovia e Transporte","162","제주항공","02-retail-distribution-aviation","https://oxfordtoy.co.kr/portfolio/detail_popup.html?product_no=162&cate_no=79&display_group=1","020__162__제주항공.jpg","1877737"
"06-varejo-e-hospitalidade","Varejo e Hospitalidade","160","서원유통 &amp; 동원","02-retail-distribution-aviation","https://oxfordtoy.co.kr/portfolio/detail_popup.html?product_no=160&cate_no=79&display_group=1","021__160__서원유통 &amp; 동원.jpg","1789519"
"02-aviacao-ferrovia-e-transporte","Aviação, Ferrovia e Transporte","157","아시아나 항공","02-retail-distribution-aviation","https://oxfordtoy.co.kr/portfolio/detail_popup.html?product_no=157&cate_no=79&display_group=1","022__157__아시아나 항공.jpg","203572"
"02-aviacao-ferrovia-e-transporte","Aviação, Ferrovia e Transporte","156","아시아나 항공","02-retail-distribution-aviation","https://oxfordtoy.co.kr/portfolio/detail_popup.html?product_no=156&cate_no=79&display_group=1","023__156__아시아나 항공.jpg","195148"
"02-aviacao-ferrovia-e-transporte","Aviação, Ferrovia e Transporte","155","아시아나 항공","02-retail-distribution-aviation","https://oxfordtoy.co.kr/portfolio/detail_popup.html?product_no=155&cate_no=79&display_group=1","024__155__아시아나 항공.jpg","1853705"
"03-automotivo-e-mobilidade","Automotivo e Mobilidade","69","SK엔크린","02-retail-distribution-aviation","https://oxfordtoy.co.kr/portfolio/detail_popup.html?product_no=69&cate_no=79&display_group=1","025__69__SK엔크린.jpg","114739"
"03-automotivo-e-mobilidade","Automotivo e Mobilidade","68","SK엔크린","02-retail-distribution-aviation","https://oxfordtoy.co.kr/portfolio/detail_popup.html?product_no=68&cate_no=79&display_group=1","026__68__SK엔크린.jpg","175465"
"03-automotivo-e-mobilidade","Automotivo e Mobilidade","67","SK엔크린","02-retail-distribution-aviation","https://oxfordtoy.co.kr/portfolio/detail_popup.html?product_no=67&cate_no=79&display_group=1","027__67__SK엔크린.jpg","190084"
"03-automotivo-e-mobilidade","Automotivo e Mobilidade","66","SK엔크린","02-retail-distribution-aviation","https://oxfordtoy.co.kr/portfolio/detail_popup.html?product_no=66&cate_no=79&display_group=1","028__66__SK엔크린.jpg","152346"
"03-automotivo-e-mobilidade","Automotivo e Mobilidade","65","SK엔크린","02-retail-distribution-aviation","https://oxfordtoy.co.kr/portfolio/detail_popup.html?product_no=65&cate_no=79&display_group=1","029__65__SK엔크린.jpg","1867535"
"03-automotivo-e-mobilidade","Automotivo e Mobilidade","64","SK엔크린","02-retail-distribution-aviation","https://oxfordtoy.co.kr/portfolio/detail_popup.html?product_no=64&cate_no=79&display_group=1","030__64__SK엔크린.jpg","626186"
"03-automotivo-e-mobilidade","Automotivo e Mobilidade","63","SK엔크린","02-retail-distribution-aviation","https://oxfordtoy.co.kr/portfolio/detail_popup.html?product_no=63&cate_no=79&display_group=1","031__63__SK엔크린.jpg","452136"
"03-automotivo-e-mobilidade","Automotivo e Mobilidade","62","SK엔크린","02-retail-distribution-aviation","https://oxfordtoy.co.kr/portfolio/detail_popup.html?product_no=62&cate_no=79&display_group=1","032__62__SK엔크린.jpg","1634611"
"02-aviacao-ferrovia-e-transporte","Aviação, Ferrovia e Transporte","1423","한국공항공사","03-public-research","https://oxfordtoy.co.kr/portfolio/detail_popup.html?product_no=1423&cate_no=80&display_group=1","001__1423__한국공항공사.jpg","210697"
"04-militar-defesa-e-resgate","Militar, Defesa e Resgate","1418","해양경찰","03-public-research","https://oxfordtoy.co.kr/portfolio/detail_popup.html?product_no=1418&cate_no=80&display_group=1","002__1418__해양경찰.jpg","343751"
"02-aviacao-ferrovia-e-transporte","Aviação, Ferrovia e Transporte","1415","인천","03-public-research","https://oxfordtoy.co.kr/portfolio/detail_popup.html?product_no=1415&cate_no=80&display_group=1","003__1415__인천.jpg","165053"
"04-militar-defesa-e-resgate","Militar, Defesa e Resgate","1414","경찰청","03-public-research","https://oxfordtoy.co.kr/portfolio/detail_popup.html?product_no=1414&cate_no=80&display_group=1","004__1414__경찰청.jpg","239862"
"04-militar-defesa-e-resgate","Militar, Defesa e Resgate","1413","경찰청","03-public-research","https://oxfordtoy.co.kr/portfolio/detail_popup.html?product_no=1413&cate_no=80&display_group=1","005__1413__경찰청.jpg","222367"
"04-militar-defesa-e-resgate","Militar, Defesa e Resgate","1412","경찰청","03-public-research","https://oxfordtoy.co.kr/portfolio/detail_popup.html?product_no=1412&cate_no=80&display_group=1","006__1412__경찰청.jpg","247679"
"04-militar-defesa-e-resgate","Militar, Defesa e Resgate","1411","경찰청","03-public-research","https://oxfordtoy.co.kr/portfolio/detail_popup.html?product_no=1411&cate_no=80&display_group=1","007__1411__경찰청.jpg","241671"
"04-militar-defesa-e-resgate","Militar, Defesa e Resgate","1398","LIG Defense&amp;Aerospace","03-public-research","https://oxfordtoy.co.kr/portfolio/detail_popup.html?product_no=1398&cate_no=80&display_group=1","008__1398__LIG Defense&amp;Aerospace.jpg","116143"
"04-militar-defesa-e-resgate","Militar, Defesa e Resgate","1397","LIG Defense&amp;Aerospace","03-public-research","https://oxfordtoy.co.kr/portfolio/detail_popup.html?product_no=1397&cate_no=80&display_group=1","009__1397__LIG Defense&amp;Aerospace.jpg","220350"
"04-militar-defesa-e-resgate","Militar, Defesa e Resgate","1396","LIG Defense&amp;Aerospace","03-public-research","https://oxfordtoy.co.kr/portfolio/detail_popup.html?product_no=1396&cate_no=80&display_group=1","010__1396__LIG Defense&amp;Aerospace.jpg","255336"
"04-militar-defesa-e-resgate","Militar, Defesa e Resgate","1393","방위사업청","03-public-research","https://oxfordtoy.co.kr/portfolio/detail_popup.html?product_no=1393&cate_no=80&display_group=1","011__1393__방위사업청.jpg","165380"
"02-aviacao-ferrovia-e-transporte","Aviação, Ferrovia e Transporte","1376","한국철도공사","03-public-research","https://oxfordtoy.co.kr/portfolio/detail_popup.html?product_no=1376&cate_no=80&display_group=1","012__1376__한국철도공사.jpg","303749"
"05-industria-energia-e-tecnologia","Indústria, Energia e Tecnologia","1373","SK하이닉스","03-public-research","https://oxfordtoy.co.kr/portfolio/detail_popup.html?product_no=1373&cate_no=80&display_group=1","013__1373__SK하이닉스.jpg","138795"
"05-industria-energia-e-tecnologia","Indústria, Energia e Tecnologia","1372","SK하이닉스","03-public-research","https://oxfordtoy.co.kr/portfolio/detail_popup.html?product_no=1372&cate_no=80&display_group=1","014__1372__SK하이닉스.jpg","148165"
"07-publico-cultura-saude-e-educacao","Público, Cultura, Saúde e Educação","1370","안성3ㆍ1운동기념관","03-public-research","https://oxfordtoy.co.kr/portfolio/detail_popup.html?product_no=1370&cate_no=80&display_group=1","015__1370__안성3ㆍ1운동기념관.jpg","133006"
"05-industria-energia-e-tecnologia","Indústria, Energia e Tecnologia","1341","한국재료연구원","03-public-research","https://oxfordtoy.co.kr/portfolio/detail_popup.html?product_no=1341&cate_no=80&display_group=1","016__1341__한국재료연구원.jpg","137263"
"05-industria-energia-e-tecnologia","Indústria, Energia e Tecnologia","1340","한국수력원자력","03-public-research","https://oxfordtoy.co.kr/portfolio/detail_popup.html?product_no=1340&cate_no=80&display_group=1","017__1340__한국수력원자력.jpg","122657"
"04-militar-defesa-e-resgate","Militar, Defesa e Resgate","1336","방위사업청","03-public-research","https://oxfordtoy.co.kr/portfolio/detail_popup.html?product_no=1336&cate_no=80&display_group=1","018__1336__방위사업청.jpg","308035"
"07-publico-cultura-saude-e-educacao","Público, Cultura, Saúde e Educação","1329","국립아시아문화전당재단","03-public-research","https://oxfordtoy.co.kr/portfolio/detail_popup.html?product_no=1329&cate_no=80&display_group=1","019__1329__국립아시아문화전당재단.jpg","142777"
"01-alimentos-e-bebidas","Alimentos e Bebidas","1328","경주 천년한우","03-public-research","https://oxfordtoy.co.kr/portfolio/detail_popup.html?product_no=1328&cate_no=80&display_group=1","020__1328__경주 천년한우.jpg","207490"
"04-militar-defesa-e-resgate","Militar, Defesa e Resgate","1322","방위사업청","03-public-research","https://oxfordtoy.co.kr/portfolio/detail_popup.html?product_no=1322&cate_no=80&display_group=1","021__1322__방위사업청.jpg","112858"
"04-militar-defesa-e-resgate","Militar, Defesa e Resgate","1308","강원 산불방지센터","03-public-research","https://oxfordtoy.co.kr/portfolio/detail_popup.html?product_no=1308&cate_no=80&display_group=1","022__1308__강원 산불방지센터.jpg","479369"
"07-publico-cultura-saude-e-educacao","Público, Cultura, Saúde e Educação","1306","경기도박물관","03-public-research","https://oxfordtoy.co.kr/portfolio/detail_popup.html?product_no=1306&cate_no=80&display_group=1","023__1306__경기도박물관.jpg","349480"
"07-publico-cultura-saude-e-educacao","Público, Cultura, Saúde e Educação","1287","연세세브란스","03-public-research","https://oxfordtoy.co.kr/portfolio/detail_popup.html?product_no=1287&cate_no=80&display_group=1","024__1287__연세세브란스.jpg","820809"
"05-industria-energia-e-tecnologia","Indústria, Energia e Tecnologia","1285","한국원자력환경복원연구원","03-public-research","https://oxfordtoy.co.kr/portfolio/detail_popup.html?product_no=1285&cate_no=80&display_group=1","025__1285__한국원자력환경복원연구원.jpg","139689"
"04-militar-defesa-e-resgate","Militar, Defesa e Resgate","1258","해양경찰","03-public-research","https://oxfordtoy.co.kr/portfolio/detail_popup.html?product_no=1258&cate_no=80&display_group=1","026__1258__해양경찰.jpg","917446"
"04-militar-defesa-e-resgate","Militar, Defesa e Resgate","252","경찰청","03-public-research","https://oxfordtoy.co.kr/portfolio/detail_popup.html?product_no=252&cate_no=80&display_group=1","027__252__경찰청.jpg","143672"
"04-militar-defesa-e-resgate","Militar, Defesa e Resgate","251","경찰청","03-public-research","https://oxfordtoy.co.kr/portfolio/detail_popup.html?product_no=251&cate_no=80&display_group=1","028__251__경찰청.jpg","148364"
"07-publico-cultura-saude-e-educacao","Público, Cultura, Saúde e Educação","218","국립서울현충원","03-public-research","https://oxfordtoy.co.kr/portfolio/detail_popup.html?product_no=218&cate_no=80&display_group=1","029__218__국립서울현충원.jpg","119854"
"07-publico-cultura-saude-e-educacao","Público, Cultura, Saúde e Educação","212","대한적십자사","03-public-research","https://oxfordtoy.co.kr/portfolio/detail_popup.html?product_no=212&cate_no=80&display_group=1","030__212__대한적십자사.jpg","116326"
"07-publico-cultura-saude-e-educacao","Público, Cultura, Saúde e Educação","211","대한적십자사","03-public-research","https://oxfordtoy.co.kr/portfolio/detail_popup.html?product_no=211&cate_no=80&display_group=1","031__211__대한적십자사.jpg","169656"
"04-militar-defesa-e-resgate","Militar, Defesa e Resgate","207","산림청","03-public-research","https://oxfordtoy.co.kr/portfolio/detail_popup.html?product_no=207&cate_no=80&display_group=1","032__207__산림청.jpg","187321"
"04-militar-defesa-e-resgate","Militar, Defesa e Resgate","206","산림청","03-public-research","https://oxfordtoy.co.kr/portfolio/detail_popup.html?product_no=206&cate_no=80&display_group=1","033__206__산림청.jpg","201317"
"09-entretenimento-midia-e-games","Entretenimento, Mídia e Games","1417","모펀","04-games-broadcast-media","https://oxfordtoy.co.kr/portfolio/detail_popup.html?product_no=1417&cate_no=81&display_group=1","001__1417__모펀.jpg","185697"
"09-entretenimento-midia-e-games","Entretenimento, Mídia e Games","1368","마비노기","04-games-broadcast-media","https://oxfordtoy.co.kr/portfolio/detail_popup.html?product_no=1368&cate_no=81&display_group=1","002__1368__마비노기.jpg","250487"
"09-entretenimento-midia-e-games","Entretenimento, Mídia e Games","1367","블루아카이브","04-games-broadcast-media","https://oxfordtoy.co.kr/portfolio/detail_popup.html?product_no=1367&cate_no=81&display_group=1","003__1367__블루아카이브.jpg","332695"
"09-entretenimento-midia-e-games","Entretenimento, Mídia e Games","1366","블루아카이브","04-games-broadcast-media","https://oxfordtoy.co.kr/portfolio/detail_popup.html?product_no=1366&cate_no=81&display_group=1","004__1366__블루아카이브.jpg","278962"
"09-entretenimento-midia-e-games","Entretenimento, Mídia e Games","233","드라마 펜트하우스","04-games-broadcast-media","https://oxfordtoy.co.kr/portfolio/detail_popup.html?product_no=233&cate_no=81&display_group=1","005__233__드라마 펜트하우스.jpg","181514"
"09-entretenimento-midia-e-games","Entretenimento, Mídia e Games","221","tvN - 현지에서 먹힐까(미국편)","04-games-broadcast-media","https://oxfordtoy.co.kr/portfolio/detail_popup.html?product_no=221&cate_no=81&display_group=1","006__221__tvN - 현지에서 먹힐까(미국편).jpg","146734"
"09-entretenimento-midia-e-games","Entretenimento, Mídia e Games","208","이태리탕","04-games-broadcast-media","https://oxfordtoy.co.kr/portfolio/detail_popup.html?product_no=208&cate_no=81&display_group=1","007__208__이태리탕.jpg","2804467"
"09-entretenimento-midia-e-games","Entretenimento, Mídia e Games","200","SM 엔터테이먼트","04-games-broadcast-media","https://oxfordtoy.co.kr/portfolio/detail_popup.html?product_no=200&cate_no=81&display_group=1","008__200__SM 엔터테이먼트.jpg","112125"
"09-entretenimento-midia-e-games","Entretenimento, Mídia e Games","199","SM 엔터테이먼트","04-games-broadcast-media","https://oxfordtoy.co.kr/portfolio/detail_popup.html?product_no=199&cate_no=81&display_group=1","009__199__SM 엔터테이먼트.jpg","226380"
"09-entretenimento-midia-e-games","Entretenimento, Mídia e Games","198","SM 엔터테이먼트","04-games-broadcast-media","https://oxfordtoy.co.kr/portfolio/detail_popup.html?product_no=198&cate_no=81&display_group=1","010__198__SM 엔터테이먼트.jpg","145751"
"09-entretenimento-midia-e-games","Entretenimento, Mídia e Games","193","CGV","04-games-broadcast-media","https://oxfordtoy.co.kr/portfolio/detail_popup.html?product_no=193&cate_no=81&display_group=1","011__193__CGV.jpg","87433"
"09-entretenimento-midia-e-games","Entretenimento, Mídia e Games","192","CGV","04-games-broadcast-media","https://oxfordtoy.co.kr/portfolio/detail_popup.html?product_no=192&cate_no=81&display_group=1","012__192__CGV.jpg","1688040"
"09-entretenimento-midia-e-games","Entretenimento, Mídia e Games","184","미래엔아이세움","04-games-broadcast-media","https://oxfordtoy.co.kr/portfolio/detail_popup.html?product_no=184&cate_no=81&display_group=1","013__184__미래엔아이세움.jpg","139142"
"09-entretenimento-midia-e-games","Entretenimento, Mídia e Games","183","KTOON","04-games-broadcast-media","https://oxfordtoy.co.kr/portfolio/detail_popup.html?product_no=183&cate_no=81&display_group=1","014__183__KTOON.jpg","88944"
"09-entretenimento-midia-e-games","Entretenimento, Mídia e Games","182","KTOON","04-games-broadcast-media","https://oxfordtoy.co.kr/portfolio/detail_popup.html?product_no=182&cate_no=81&display_group=1","015__182__KTOON.jpg","325810"
"09-entretenimento-midia-e-games","Entretenimento, Mídia e Games","131","BTS 방탄소년단","04-games-broadcast-media","https://oxfordtoy.co.kr/portfolio/detail_popup.html?product_no=131&cate_no=81&display_group=1","016__131__BTS 방탄소년단.jpg","463315"
"09-entretenimento-midia-e-games","Entretenimento, Mídia e Games","103","MBC","04-games-broadcast-media","https://oxfordtoy.co.kr/portfolio/detail_popup.html?product_no=103&cate_no=81&display_group=1","017__103__MBC.jpg","1824038"
"09-entretenimento-midia-e-games","Entretenimento, Mídia e Games","102","MBC","04-games-broadcast-media","https://oxfordtoy.co.kr/portfolio/detail_popup.html?product_no=102&cate_no=81&display_group=1","018__102__MBC.jpg","1940836"
"09-entretenimento-midia-e-games","Entretenimento, Mídia e Games","101","MBC","04-games-broadcast-media","https://oxfordtoy.co.kr/portfolio/detail_popup.html?product_no=101&cate_no=81&display_group=1","019__101__MBC.jpg","678094"
"09-entretenimento-midia-e-games","Entretenimento, Mídia e Games","100","MBC","04-games-broadcast-media","https://oxfordtoy.co.kr/portfolio/detail_popup.html?product_no=100&cate_no=81&display_group=1","020__100__MBC.jpg","559829"
"05-industria-energia-e-tecnologia","Indústria, Energia e Tecnologia","1422","HD현대","05-other","https://oxfordtoy.co.kr/portfolio/detail_popup.html?product_no=1422&cate_no=82&display_group=1","001__1422__HD현대.jpg","62522"
"05-industria-energia-e-tecnologia","Indústria, Energia e Tecnologia","1421","HD현대","05-other","https://oxfordtoy.co.kr/portfolio/detail_popup.html?product_no=1421&cate_no=82&display_group=1","002__1421__HD현대.jpg","54711"
"03-automotivo-e-mobilidade","Automotivo e Mobilidade","1420","현대자동차","05-other","https://oxfordtoy.co.kr/portfolio/detail_popup.html?product_no=1420&cate_no=82&display_group=1","003__1420__현대자동차.jpg","213090"
"04-militar-defesa-e-resgate","Militar, Defesa e Resgate","1419","현대위아","05-other","https://oxfordtoy.co.kr/portfolio/detail_popup.html?product_no=1419&cate_no=82&display_group=1","004__1419__현대위아.jpg","182204"
"03-automotivo-e-mobilidade","Automotivo e Mobilidade","1409","KIA","05-other","https://oxfordtoy.co.kr/portfolio/detail_popup.html?product_no=1409&cate_no=82&display_group=1","005__1409__KIA.jpg","277838"
"03-automotivo-e-mobilidade","Automotivo e Mobilidade","1408","KIA","05-other","https://oxfordtoy.co.kr/portfolio/detail_popup.html?product_no=1408&cate_no=82&display_group=1","006__1408__KIA.jpg","265649"
"03-automotivo-e-mobilidade","Automotivo e Mobilidade","1407","KIA","05-other","https://oxfordtoy.co.kr/portfolio/detail_popup.html?product_no=1407&cate_no=82&display_group=1","007__1407__KIA.jpg","195920"
"05-industria-energia-e-tecnologia","Indústria, Energia e Tecnologia","1405","HD현대 XITESOLUTION","05-other","https://oxfordtoy.co.kr/portfolio/detail_popup.html?product_no=1405&cate_no=82&display_group=1","008__1405__HD현대 XITESOLUTION.jpg","142874"
"05-industria-energia-e-tecnologia","Indústria, Energia e Tecnologia","1404","HD현대 XITESOLUTION","05-other","https://oxfordtoy.co.kr/portfolio/detail_popup.html?product_no=1404&cate_no=82&display_group=1","009__1404__HD현대 XITESOLUTION.jpg","215240"
"05-industria-energia-e-tecnologia","Indústria, Energia e Tecnologia","1395","Bobcat","05-other","https://oxfordtoy.co.kr/portfolio/detail_popup.html?product_no=1395&cate_no=82&display_group=1","010__1395__Bobcat.jpg","158362"
"05-industria-energia-e-tecnologia","Indústria, Energia e Tecnologia","1392","AETHER CT","05-other","https://oxfordtoy.co.kr/portfolio/detail_popup.html?product_no=1392&cate_no=82&display_group=1","011__1392__AETHER CT.jpg","300324"
"08-esportes-e-lazer","Esportes e Lazer","1391","한국마사회","05-other","https://oxfordtoy.co.kr/portfolio/detail_popup.html?product_no=1391&cate_no=82&display_group=1","012__1391__한국마사회.jpg","78234"
"07-publico-cultura-saude-e-educacao","Público, Cultura, Saúde e Educação","1390","안성 3.1운동 기념관","05-other","https://oxfordtoy.co.kr/portfolio/detail_popup.html?product_no=1390&cate_no=82&display_group=1","013__1390__안성 3.1운동 기념관.jpg","147399"
"01-alimentos-e-bebidas","Alimentos e Bebidas","1389","오설록","05-other","https://oxfordtoy.co.kr/portfolio/detail_popup.html?product_no=1389&cate_no=82&display_group=1","014__1389__오설록.jpg","72128"
"04-militar-defesa-e-resgate","Militar, Defesa e Resgate","1388","KIA","05-other","https://oxfordtoy.co.kr/portfolio/detail_popup.html?product_no=1388&cate_no=82&display_group=1","015__1388__KIA.jpg","138976"
"04-militar-defesa-e-resgate","Militar, Defesa e Resgate","1387","KIA","05-other","https://oxfordtoy.co.kr/portfolio/detail_popup.html?product_no=1387&cate_no=82&display_group=1","016__1387__KIA.jpg","118322"
"05-industria-energia-e-tecnologia","Indústria, Energia e Tecnologia","1386","한미반도체","05-other","https://oxfordtoy.co.kr/portfolio/detail_popup.html?product_no=1386&cate_no=82&display_group=1","017__1386__한미반도체.jpg","178359"
"05-industria-energia-e-tecnologia","Indústria, Energia e Tecnologia","1385","LG디스플레이","05-other","https://oxfordtoy.co.kr/portfolio/detail_popup.html?product_no=1385&cate_no=82&display_group=1","018__1385__LG디스플레이.jpg","209614"
"06-varejo-e-hospitalidade","Varejo e Hospitalidade","1374","웨스틴조선서울","05-other","https://oxfordtoy.co.kr/portfolio/detail_popup.html?product_no=1374&cate_no=82&display_group=1","019__1374__웨스틴조선서울.jpg","80675"
"10-arquitetura-e-construcao","Arquitetura e Construção","1344","현대건설","05-other","https://oxfordtoy.co.kr/portfolio/detail_popup.html?product_no=1344&cate_no=82&display_group=1","020__1344__현대건설.jpg","270258"
"10-arquitetura-e-construcao","Arquitetura e Construção","1343","현대건설","05-other","https://oxfordtoy.co.kr/portfolio/detail_popup.html?product_no=1343&cate_no=82&display_group=1","021__1343__현대건설.jpg","253837"
"10-arquitetura-e-construcao","Arquitetura e Construção","1342","현대건설","05-other","https://oxfordtoy.co.kr/portfolio/detail_popup.html?product_no=1342&cate_no=82&display_group=1","022__1342__현대건설.jpg","275592"
"07-publico-cultura-saude-e-educacao","Público, Cultura, Saúde e Educação","1337","제이오텍","05-other","https://oxfordtoy.co.kr/portfolio/detail_popup.html?product_no=1337&cate_no=82&display_group=1","023__1337__제이오텍.jpg","84740"
"05-industria-energia-e-tecnologia","Indústria, Energia e Tecnologia","1330","아마존웹서비스","05-other","https://oxfordtoy.co.kr/portfolio/detail_popup.html?product_no=1330&cate_no=82&display_group=1","024__1330__아마존웹서비스.jpg","73939"
"05-industria-energia-e-tecnologia","Indústria, Energia e Tecnologia","1327","SK하이닉스","05-other","https://oxfordtoy.co.kr/portfolio/detail_popup.html?product_no=1327&cate_no=82&display_group=1","025__1327__SK하이닉스.jpg","577911"
"05-industria-energia-e-tecnologia","Indústria, Energia e Tecnologia","1326","NHN","05-other","https://oxfordtoy.co.kr/portfolio/detail_popup.html?product_no=1326&cate_no=82&display_group=1","026__1326__NHN.jpg","166371"
"04-militar-defesa-e-resgate","Militar, Defesa e Resgate","1325","LIG넥스원","05-other","https://oxfordtoy.co.kr/portfolio/detail_popup.html?product_no=1325&cate_no=82&display_group=1","027__1325__LIG넥스원.jpg","166337"
"04-militar-defesa-e-resgate","Militar, Defesa e Resgate","1324","LIG넥스원","05-other","https://oxfordtoy.co.kr/portfolio/detail_popup.html?product_no=1324&cate_no=82&display_group=1","028__1324__LIG넥스원.jpg","179379"
"05-industria-energia-e-tecnologia","Indústria, Energia e Tecnologia","1323","LG디스플레이","05-other","https://oxfordtoy.co.kr/portfolio/detail_popup.html?product_no=1323&cate_no=82&display_group=1","029__1323__LG디스플레이.jpg","116586"
"03-automotivo-e-mobilidade","Automotivo e Mobilidade","1321","LS엠트론","05-other","https://oxfordtoy.co.kr/portfolio/detail_popup.html?product_no=1321&cate_no=82&display_group=1","030__1321__LS엠트론.jpg","880515"
"03-automotivo-e-mobilidade","Automotivo e Mobilidade","1320","LS엠트론","05-other","https://oxfordtoy.co.kr/portfolio/detail_popup.html?product_no=1320&cate_no=82&display_group=1","031__1320__LS엠트론.jpg","754135"
"05-industria-energia-e-tecnologia","Indústria, Energia e Tecnologia","1312","HD현대","05-other","https://oxfordtoy.co.kr/portfolio/detail_popup.html?product_no=1312&cate_no=82&display_group=1","032__1312__HD현대.jpg","1008513"
"05-industria-energia-e-tecnologia","Indústria, Energia e Tecnologia","1311","HD현대","05-other","https://oxfordtoy.co.kr/portfolio/detail_popup.html?product_no=1311&cate_no=82&display_group=1","033__1311__HD현대.jpg","1065161"
"05-industria-energia-e-tecnologia","Indústria, Energia e Tecnologia","1310","한컴","05-other","https://oxfordtoy.co.kr/portfolio/detail_popup.html?product_no=1310&cate_no=82&display_group=1","034__1310__한컴.jpg","450267"
"05-industria-energia-e-tecnologia","Indústria, Energia e Tecnologia","1309","아이파킹","05-other","https://oxfordtoy.co.kr/portfolio/detail_popup.html?product_no=1309&cate_no=82&display_group=1","035__1309__아이파킹.jpg","669363"
"05-industria-energia-e-tecnologia","Indústria, Energia e Tecnologia","1305","SK하이닉스","05-other","https://oxfordtoy.co.kr/portfolio/detail_popup.html?product_no=1305&cate_no=82&display_group=1","036__1305__SK하이닉스.jpg","646459"
"05-industria-energia-e-tecnologia","Indústria, Energia e Tecnologia","1304","SK이노베이션","05-other","https://oxfordtoy.co.kr/portfolio/detail_popup.html?product_no=1304&cate_no=82&display_group=1","037__1304__SK이노베이션.jpg","848451"
"05-industria-energia-e-tecnologia","Indústria, Energia e Tecnologia","1303","SK이노베이션","05-other","https://oxfordtoy.co.kr/portfolio/detail_popup.html?product_no=1303&cate_no=82&display_group=1","038__1303__SK이노베이션.jpg","880303"
"05-industria-energia-e-tecnologia","Indústria, Energia e Tecnologia","1302","SK이노베이션","05-other","https://oxfordtoy.co.kr/portfolio/detail_popup.html?product_no=1302&cate_no=82&display_group=1","039__1302__SK이노베이션.jpg","975912"
"06-varejo-e-hospitalidade","Varejo e Hospitalidade","1301","앰배서더 호텔 그룹","05-other","https://oxfordtoy.co.kr/portfolio/detail_popup.html?product_no=1301&cate_no=82&display_group=1","040__1301__앰배서더 호텔 그룹.jpg","289966"
"04-militar-defesa-e-resgate","Militar, Defesa e Resgate","1289","기아자동차","05-other","https://oxfordtoy.co.kr/portfolio/detail_popup.html?product_no=1289&cate_no=82&display_group=1","041__1289__기아자동차.jpg","450396"
"04-militar-defesa-e-resgate","Militar, Defesa e Resgate","1288","기아자동차","05-other","https://oxfordtoy.co.kr/portfolio/detail_popup.html?product_no=1288&cate_no=82&display_group=1","042__1288__기아자동차.jpg","469874"
"08-esportes-e-lazer","Esportes e Lazer","213","비발디 파크 오션월드","05-other","https://oxfordtoy.co.kr/portfolio/detail_popup.html?product_no=213&cate_no=82&display_group=1","043__213__비발디 파크 오션월드.jpg","294489"
"07-publico-cultura-saude-e-educacao","Público, Cultura, Saúde e Educação","190","함소아 한의원","05-other","https://oxfordtoy.co.kr/portfolio/detail_popup.html?product_no=190&cate_no=82&display_group=1","044__190__함소아 한의원.jpg","69737"
"07-publico-cultura-saude-e-educacao","Público, Cultura, Saúde e Educação","189","함소아 한의원","05-other","https://oxfordtoy.co.kr/portfolio/detail_popup.html?product_no=189&cate_no=82&display_group=1","045__189__함소아 한의원.jpg","1741043"
"08-esportes-e-lazer","Esportes e Lazer","186","광주FC","05-other","https://oxfordtoy.co.kr/portfolio/detail_popup.html?product_no=186&cate_no=82&display_group=1","046__186__광주FC.jpg","71151"
"08-esportes-e-lazer","Esportes e Lazer","185","수원삼성 블루윙즈 축구단","05-other","https://oxfordtoy.co.kr/portfolio/detail_popup.html?product_no=185&cate_no=82&display_group=1","047__185__수원삼성 블루윙즈 축구단.jpg","201808"
"06-varejo-e-hospitalidade","Varejo e Hospitalidade","181","KT","05-other","https://oxfordtoy.co.kr/portfolio/detail_popup.html?product_no=181&cate_no=82&display_group=1","048__181__KT.jpg","134141"
"07-publico-cultura-saude-e-educacao","Público, Cultura, Saúde e Educação","180","빨간펜","05-other","https://oxfordtoy.co.kr/portfolio/detail_popup.html?product_no=180&cate_no=82&display_group=1","049__180__빨간펜.jpg","147639"
"08-esportes-e-lazer","Esportes e Lazer","178","JScompany","05-other","https://oxfordtoy.co.kr/portfolio/detail_popup.html?product_no=178&cate_no=82&display_group=1","050__178__JScompany.jpg","780189"
"04-militar-defesa-e-resgate","Militar, Defesa e Resgate","154","키자니아","05-other","https://oxfordtoy.co.kr/portfolio/detail_popup.html?product_no=154&cate_no=82&display_group=1","051__154__키자니아.jpg","631481"
"09-entretenimento-midia-e-games","Entretenimento, Mídia e Games","150","에브리타운","05-other","https://oxfordtoy.co.kr/portfolio/detail_popup.html?product_no=150&cate_no=82&display_group=1","052__150__에브리타운.jpg","1615685"
"08-esportes-e-lazer","Esportes e Lazer","149","한국야구위원회 KBO","05-other","https://oxfordtoy.co.kr/portfolio/detail_popup.html?product_no=149&cate_no=82&display_group=1","053__149__한국야구위원회 KBO.jpg","425965"
"08-esportes-e-lazer","Esportes e Lazer","148","한국야구위원회 KBO","05-other","https://oxfordtoy.co.kr/portfolio/detail_popup.html?product_no=148&cate_no=82&display_group=1","054__148__한국야구위원회 KBO.jpg","442904"
"08-esportes-e-lazer","Esportes e Lazer","147","한국야구위원회 KBO","05-other","https://oxfordtoy.co.kr/portfolio/detail_popup.html?product_no=147&cate_no=82&display_group=1","055__147__한국야구위원회 KBO.jpg","462595"
"08-esportes-e-lazer","Esportes e Lazer","146","한국야구위원회 KBO","05-other","https://oxfordtoy.co.kr/portfolio/detail_popup.html?product_no=146&cate_no=82&display_group=1","056__146__한국야구위원회 KBO.jpg","1673746"
"08-esportes-e-lazer","Esportes e Lazer","145","한국야구위원회 KBO","05-other","https://oxfordtoy.co.kr/portfolio/detail_popup.html?product_no=145&cate_no=82&display_group=1","057__145__한국야구위원회 KBO.jpg","1686295"
"08-esportes-e-lazer","Esportes e Lazer","144","한국야구위원회 KBO","05-other","https://oxfordtoy.co.kr/portfolio/detail_popup.html?product_no=144&cate_no=82&display_group=1","058__144__한국야구위원회 KBO.jpg","1668999"
"08-esportes-e-lazer","Esportes e Lazer","143","한국야구위원회 KBO","05-other","https://oxfordtoy.co.kr/portfolio/detail_popup.html?product_no=143&cate_no=82&display_group=1","059__143__한국야구위원회 KBO.jpg","1634564"
"08-esportes-e-lazer","Esportes e Lazer","142","한국야구위원회 KBO","05-other","https://oxfordtoy.co.kr/portfolio/detail_popup.html?product_no=142&cate_no=82&display_group=1","060__142__한국야구위원회 KBO.jpg","1666151"
"08-esportes-e-lazer","Esportes e Lazer","141","한국야구위원회 KBO","05-other","https://oxfordtoy.co.kr/portfolio/detail_popup.html?product_no=141&cate_no=82&display_group=1","061__141__한국야구위원회 KBO.jpg","1667772"
"08-esportes-e-lazer","Esportes e Lazer","140","한국야구위원회 KBO","05-other","https://oxfordtoy.co.kr/portfolio/detail_popup.html?product_no=140&cate_no=82&display_group=1","062__140__한국야구위원회 KBO.jpg","1690645"
"08-esportes-e-lazer","Esportes e Lazer","139","한국야구위원회 KBO","05-other","https://oxfordtoy.co.kr/portfolio/detail_popup.html?product_no=139&cate_no=82&display_group=1","063__139__한국야구위원회 KBO.jpg","462549"
"08-esportes-e-lazer","Esportes e Lazer","138","한국야구위원회 KBO","05-other","https://oxfordtoy.co.kr/portfolio/detail_popup.html?product_no=138&cate_no=82&display_group=1","064__138__한국야구위원회 KBO.jpg","449031"
"08-esportes-e-lazer","Esportes e Lazer","137","한국야구위원회 KBO","05-other","https://oxfordtoy.co.kr/portfolio/detail_popup.html?product_no=137&cate_no=82&display_group=1","065__137__한국야구위원회 KBO.jpg","440770"
"08-esportes-e-lazer","Esportes e Lazer","136","한국야구위원회 KBO","05-other","https://oxfordtoy.co.kr/portfolio/detail_popup.html?product_no=136&cate_no=82&display_group=1","066__136__한국야구위원회 KBO.jpg","459097"
"08-esportes-e-lazer","Esportes e Lazer","135","한국야구위원회 KBO","05-other","https://oxfordtoy.co.kr/portfolio/detail_popup.html?product_no=135&cate_no=82&display_group=1","067__135__한국야구위원회 KBO.jpg","1582811"
"08-esportes-e-lazer","Esportes e Lazer","134","한국야구위원회 KBO","05-other","https://oxfordtoy.co.kr/portfolio/detail_popup.html?product_no=134&cate_no=82&display_group=1","068__134__한국야구위원회 KBO.jpg","715704"
"08-esportes-e-lazer","Esportes e Lazer","133","한국야구위원회 KBO","05-other","https://oxfordtoy.co.kr/portfolio/detail_popup.html?product_no=133&cate_no=82&display_group=1","069__133__한국야구위원회 KBO.jpg","708580"
"08-esportes-e-lazer","Esportes e Lazer","132","한국야구위원회 KBO","05-other","https://oxfordtoy.co.kr/portfolio/detail_popup.html?product_no=132&cate_no=82&display_group=1","070__132__한국야구위원회 KBO.jpg","725319"
