"category_folder","category_name","category_id","sequence","product_no","title_ko","detail_url","original_image_url","local_file","bytes","status","error_message"
"02-retail-distribution-aviation","Retail, Distribution & Aviation","79","1","1394","PARATA AIR","https://oxfordtoy.co.kr/portfolio/detail_popup.html?product_no=1394&cate_no=79&display_group=1","https://oxfordtoy.co.kr/web/upload/NNEditor/20260526/ED8C8CEB9DBCED8380ED95ADEAB3B5-ED8CA8ED82A4ECA780.jpg","001__1394__PARATA AIR.jpg","213488","downloaded",""
"02-retail-distribution-aviation","Retail, Distribution & Aviation","79","2","1375","신세계백화점","https://oxfordtoy.co.kr/portfolio/detail_popup.html?product_no=1375&cate_no=79&display_group=1","https://oxfordtoy.co.kr/web/upload/NNEditor/20260402/KakaoTalk_20260402_102948069.jpg","002__1375__신세계백화점.jpg","71437","downloaded",""
"02-retail-distribution-aviation","Retail, Distribution & Aviation","79","3","1334","다이소","https://oxfordtoy.co.kr/portfolio/detail_popup.html?product_no=1334&cate_no=79&display_group=1","https://oxfordtoy.co.kr/web/upload/NNEditor/20260108/EB8BA4EC9DB4EC868C-ED94BCEC9E90ECB0A8.jpg","003__1334__다이소.jpg","194084","downloaded",""
"02-retail-distribution-aviation","Retail, Distribution & Aviation","79","4","1333","다이소","https://oxfordtoy.co.kr/portfolio/detail_popup.html?product_no=1333&cate_no=79&display_group=1","https://oxfordtoy.co.kr/web/upload/NNEditor/20260108/EB8BA4EC9DB4EC868C-ECBD9CEB9DBCECB0A8.jpg","004__1333__다이소.jpg","215749","downloaded",""
"02-retail-distribution-aviation","Retail, Distribution & Aviation","79","5","1332","다이소","https://oxfordtoy.co.kr/portfolio/detail_popup.html?product_no=1332&cate_no=79&display_group=1","https://oxfordtoy.co.kr/web/upload/NNEditor/20260108/EB8BA4EC9DB4EC868C-EC9584EC9DB4EC8AA4ED81ACEBA6BCECB0A8.jpg","005__1332__다이소.jpg","187006","downloaded",""
"02-retail-distribution-aviation","Retail, Distribution & Aviation","79","6","1331","다이소","https://oxfordtoy.co.kr/portfolio/detail_popup.html?product_no=1331&cate_no=79&display_group=1","https://oxfordtoy.co.kr/web/upload/NNEditor/20260108/EB8BA4EC9DB4EC868C-EBB284EAB1B0ECB0A8.jpg","006__1331__다이소.jpg","190166","downloaded",""
"02-retail-distribution-aviation","Retail, Distribution & Aviation","79","7","1286","트레이더스","https://oxfordtoy.co.kr/portfolio/detail_popup.html?product_no=1286&cate_no=79&display_group=1","https://oxfordtoy.co.kr/web/upload/NNEditor/20250911/ED8AB8EBA088EC9DB4EB8D94EC8AA4EC9BB9.jpg","007__1286__트레이더스.jpg","776033","downloaded",""
"02-retail-distribution-aviation","Retail, Distribution & Aviation","79","8","227","대한항공","https://oxfordtoy.co.kr/portfolio/detail_popup.html?product_no=227&cate_no=79&display_group=1","https://oxfordtoy.co.kr/web/upload/NNEditor/20250128/korean20air20cabin.jpg","008__227__대한항공.jpg","174307","downloaded",""
"02-retail-distribution-aviation","Retail, Distribution & Aviation","79","9","226","대한항공","https://oxfordtoy.co.kr/portfolio/detail_popup.html?product_no=226&cate_no=79&display_group=1","https://oxfordtoy.co.kr/web/upload/NNEditor/20250128/korean20air20check20in.jpg","009__226__대한항공.jpg","173044","downloaded",""
"02-retail-distribution-aviation","Retail, Distribution & Aviation","79","10","222","세븐일레븐","https://oxfordtoy.co.kr/portfolio/detail_popup.html?product_no=222&cate_no=79&display_group=1","https://oxfordtoy.co.kr/web/upload/NNEditor/20250128/seveneleven.jpg","010__222__세븐일레븐.jpg","175282","downloaded",""
"02-retail-distribution-aviation","Retail, Distribution & Aviation","79","11","209","롯데마트","https://oxfordtoy.co.kr/portfolio/detail_popup.html?product_no=209&cate_no=79&display_group=1","https://oxfordtoy.co.kr/web/upload/NNEditor/20250128/ltk20airport.jpg","011__209__롯데마트.jpg","193604","downloaded",""
"02-retail-distribution-aviation","Retail, Distribution & Aviation","79","12","205","이스타 항공","https://oxfordtoy.co.kr/portfolio/detail_popup.html?product_no=205&cate_no=79&display_group=1","https://oxfordtoy.co.kr/web/upload/NNEditor/20250128/estar20jet.jpg","012__205__이스타 항공.jpg","231703","downloaded",""
"02-retail-distribution-aviation","Retail, Distribution & Aviation","79","13","188","티웨이 항공","https://oxfordtoy.co.kr/portfolio/detail_popup.html?product_no=188&cate_no=79&display_group=1","https://oxfordtoy.co.kr/web/upload/NNEditor/20250128/T-way20airline.jpg","013__188__티웨이 항공.jpg","1585335","downloaded",""
"02-retail-distribution-aviation","Retail, Distribution & Aviation","79","14","168","쏘카","https://oxfordtoy.co.kr/portfolio/detail_popup.html?product_no=168&cate_no=79&display_group=1","https://oxfordtoy.co.kr/web/upload/NNEditor/20250128/E1848AE185A9E1848FE185A1.jpg","014__168__쏘카.jpg","596607","downloaded",""
"02-retail-distribution-aviation","Retail, Distribution & Aviation","79","15","167","이마트","https://oxfordtoy.co.kr/portfolio/detail_popup.html?product_no=167&cate_no=79&display_group=1","https://oxfordtoy.co.kr/web/upload/NNEditor/20250128/E1848BE185B5E18486E185A1E18490E185B320E18490E185A1E1848BE185AEE186ABE18486E185AEE186AFE18485E185B2E18490E185B3E18485E185A5E186A8.jpg","015__167__이마트.jpg","1835767","downloaded",""
"02-retail-distribution-aviation","Retail, Distribution & Aviation","79","16","166","이마트","https://oxfordtoy.co.kr/portfolio/detail_popup.html?product_no=166&cate_no=79&display_group=1","https://oxfordtoy.co.kr/web/upload/NNEditor/20250128/E1848BE185B5E18486E185A1E18490E185B320E18490E185A1E1848BE185AEE186ABE18489E185A7E18490E185B3E186AFE18487E185A5E18489E185B3.jpg","016__166__이마트.jpg","1854248","downloaded",""
"02-retail-distribution-aviation","Retail, Distribution & Aviation","79","17","165","이마트","https://oxfordtoy.co.kr/portfolio/detail_popup.html?product_no=165&cate_no=79&display_group=1","https://oxfordtoy.co.kr/web/upload/NNEditor/20250128/E18490E185B3E18485E185A6E1848BE185B5E186AFE18485E185A52CE18487E185A5E18489E185B320E18491E185A2E1848FE185B5E1848CE185B5E1848BE185B5E18486E185B5E1848CE185B5.jpg","017__165__이마트.jpg","1883660","downloaded",""
"02-retail-distribution-aviation","Retail, Distribution & Aviation","79","18","164","제주항공","https://oxfordtoy.co.kr/portfolio/detail_popup.html?product_no=164&cate_no=79&display_group=1","https://oxfordtoy.co.kr/web/upload/NNEditor/20250128/jejuair20airport.jpg","018__164__제주항공.jpg","219628","downloaded",""
"02-retail-distribution-aviation","Retail, Distribution & Aviation","79","19","163","제주항공","https://oxfordtoy.co.kr/portfolio/detail_popup.html?product_no=163&cate_no=79&display_group=1","https://oxfordtoy.co.kr/web/upload/NNEditor/20250128/E1848CE185A6E1848CE185AEE18492E185A1E186BCE18480E185A9E186BCE18491E185B5E18480E185B2E1848BE185A5.jpg","019__163__제주항공.jpg","1631032","downloaded",""
"02-retail-distribution-aviation","Retail, Distribution & Aviation","79","20","162","제주항공","https://oxfordtoy.co.kr/portfolio/detail_popup.html?product_no=162&cate_no=79&display_group=1","https://oxfordtoy.co.kr/web/upload/NNEditor/20250128/E1848CE185A6E1848CE185AEE18492E185A1E186BCE18480E185A9E186BCE18491E185A2E1848FE185B5E1848CE185B5.jpg","020__162__제주항공.jpg","1877737","downloaded",""
"02-retail-distribution-aviation","Retail, Distribution & Aviation","79","21","160","서원유통 &amp; 동원","https://oxfordtoy.co.kr/portfolio/detail_popup.html?product_no=160&cate_no=79&display_group=1","https://oxfordtoy.co.kr/web/upload/NNEditor/20250128/E18489E185A5E1848BE185AFE186ABE1848BE185B2E18490E185A9E186BCE18491E185A2E1848FE185B5E1848CE185B5.jpg","021__160__서원유통 &amp; 동원.jpg","1789519","downloaded",""
"02-retail-distribution-aviation","Retail, Distribution & Aviation","79","22","157","아시아나 항공","https://oxfordtoy.co.kr/portfolio/detail_popup.html?product_no=157&cate_no=79&display_group=1","https://oxfordtoy.co.kr/web/upload/NNEditor/20250128/asiana-hangar.jpg","022__157__아시아나 항공.jpg","203572","downloaded",""
"02-retail-distribution-aviation","Retail, Distribution & Aviation","79","23","156","아시아나 항공","https://oxfordtoy.co.kr/portfolio/detail_popup.html?product_no=156&cate_no=79&display_group=1","https://oxfordtoy.co.kr/web/upload/NNEditor/20250128/asiana350.jpg","023__156__아시아나 항공.jpg","195148","downloaded",""
"02-retail-distribution-aviation","Retail, Distribution & Aviation","79","24","155","아시아나 항공","https://oxfordtoy.co.kr/portfolio/detail_popup.html?product_no=155&cate_no=79&display_group=1","https://oxfordtoy.co.kr/web/upload/NNEditor/20250128/E1848BE185A1E18489E185B5E1848BE185A1E18482E185A1E18491E185A2E1848FE185B5E1848CE185B5.jpg","024__155__아시아나 항공.jpg","1853705","downloaded",""
"02-retail-distribution-aviation","Retail, Distribution & Aviation","79","25","69","SK엔크린","https://oxfordtoy.co.kr/portfolio/detail_popup.html?product_no=69&cate_no=79&display_group=1","https://oxfordtoy.co.kr/web/upload/NNEditor/20250128/sk-enclean-oil.jpg","025__69__SK엔크린.jpg","114739","downloaded",""
"02-retail-distribution-aviation","Retail, Distribution & Aviation","79","26","68","SK엔크린","https://oxfordtoy.co.kr/portfolio/detail_popup.html?product_no=68&cate_no=79&display_group=1","https://oxfordtoy.co.kr/web/upload/NNEditor/20250128/sk20enclean20oil20pumpjack.jpg","026__68__SK엔크린.jpg","175465","downloaded",""
"02-retail-distribution-aviation","Retail, Distribution & Aviation","79","27","67","SK엔크린","https://oxfordtoy.co.kr/portfolio/detail_popup.html?product_no=67&cate_no=79&display_group=1","https://oxfordtoy.co.kr/web/upload/NNEditor/20250128/sk20encrean20aircraft.jpg","027__67__SK엔크린.jpg","190084","downloaded",""
"02-retail-distribution-aviation","Retail, Distribution & Aviation","79","28","66","SK엔크린","https://oxfordtoy.co.kr/portfolio/detail_popup.html?product_no=66&cate_no=79&display_group=1","https://oxfordtoy.co.kr/web/upload/NNEditor/20250128/SK20racing.jpg","028__66__SK엔크린.jpg","152346","downloaded",""
"02-retail-distribution-aviation","Retail, Distribution & Aviation","79","29","65","SK엔크린","https://oxfordtoy.co.kr/portfolio/detail_popup.html?product_no=65&cate_no=79&display_group=1","https://oxfordtoy.co.kr/web/upload/NNEditor/20250128/skE1848BE185A6E186ABE1848FE185B3E18485E185B5E186AB20E1848FE185A1E18489E185A6E186ABE18490E185A5.jpg","029__65__SK엔크린.jpg","1867535","downloaded",""
"02-retail-distribution-aviation","Retail, Distribution & Aviation","79","30","64","SK엔크린","https://oxfordtoy.co.kr/portfolio/detail_popup.html?product_no=64&cate_no=79&display_group=1","https://oxfordtoy.co.kr/web/upload/NNEditor/20250128/SK_E1848BE185AFE186ABE1848BE185B2E18489E185B5E1848EE185AEE18489E185A5E186AB.jpg","030__64__SK엔크린.jpg","626186","downloaded",""
"02-retail-distribution-aviation","Retail, Distribution & Aviation","79","31","63","SK엔크린","https://oxfordtoy.co.kr/portfolio/detail_popup.html?product_no=63&cate_no=79&display_group=1","https://oxfordtoy.co.kr/web/upload/NNEditor/20250128/SK20E1848BE185B2E1848CE185A9E1848EE185A1.jpg","031__63__SK엔크린.jpg","452136","downloaded",""
"02-retail-distribution-aviation","Retail, Distribution & Aviation","79","32","62","SK엔크린","https://oxfordtoy.co.kr/portfolio/detail_popup.html?product_no=62&cate_no=79&display_group=1","https://oxfordtoy.co.kr/web/upload/NNEditor/20250128/skE1848BE185A6E186ABE1848FE185B3E18485E185B5E186AB.jpg","032__62__SK엔크린.jpg","1634611","downloaded",""
