"category_folder","category_name","category_id","sequence","product_no","title_ko","source_detail_url","local_file","bytes","status"
"01-food-beverage","Food & Beverage","78","1","1339","파이브가이즈","https://oxfordtoy.co.kr/portfolio/detail_popup.html?product_no=1339&cate_no=78&display_group=1","001__1339__파이브가이즈.jpg","151325","downloaded"
"01-food-beverage","Food & Beverage","78","2","1338","테라로사","https://oxfordtoy.co.kr/portfolio/detail_popup.html?product_no=1338&cate_no=78&display_group=1","002__1338__테라로사.jpg","164931","downloaded"
"01-food-beverage","Food & Beverage","78","3","1335","아웃백","https://oxfordtoy.co.kr/portfolio/detail_popup.html?product_no=1335&cate_no=78&display_group=1","003__1335__아웃백.jpg","169258","downloaded"
"01-food-beverage","Food & Beverage","78","4","1307","고등어 연구소","https://oxfordtoy.co.kr/portfolio/detail_popup.html?product_no=1307&cate_no=78&display_group=1","004__1307__고등어 연구소.jpg","397544","downloaded"
"01-food-beverage","Food & Beverage","78","5","258","농심 배홍동비빔면","https://oxfordtoy.co.kr/portfolio/detail_popup.html?product_no=258&cate_no=78&display_group=1","005__258__농심 배홍동비빔면.jpg","174848","downloaded"
"01-food-beverage","Food & Beverage","78","6","257","농심 안성탕면","https://oxfordtoy.co.kr/portfolio/detail_popup.html?product_no=257&cate_no=78&display_group=1","006__257__농심 안성탕면.jpg","223343","downloaded"
"01-food-beverage","Food & Beverage","78","7","256","코코이찌방야","https://oxfordtoy.co.kr/portfolio/detail_popup.html?product_no=256&cate_no=78&display_group=1","007__256__코코이찌방야.jpg","189913","downloaded"
"01-food-beverage","Food & Beverage","78","8","255","코코이찌방야","https://oxfordtoy.co.kr/portfolio/detail_popup.html?product_no=255&cate_no=78&display_group=1","008__255__코코이찌방야.jpg","149409","downloaded"
"01-food-beverage","Food & Beverage","78","9","254","코코이찌방야","https://oxfordtoy.co.kr/portfolio/detail_popup.html?product_no=254&cate_no=78&display_group=1","009__254__코코이찌방야.jpg","183774","downloaded"
"01-food-beverage","Food & Beverage","78","10","253","농심 너구리","https://oxfordtoy.co.kr/portfolio/detail_popup.html?product_no=253&cate_no=78&display_group=1","010__253__농심 너구리.jpg","238521","downloaded"
"01-food-beverage","Food & Beverage","78","11","235","네스카페","https://oxfordtoy.co.kr/portfolio/detail_popup.html?product_no=235&cate_no=78&display_group=1","011__235__네스카페.jpg","75114","downloaded"
"01-food-beverage","Food & Beverage","78","12","234","동원 F&amp;B","https://oxfordtoy.co.kr/portfolio/detail_popup.html?product_no=234&cate_no=78&display_group=1","012__234__동원 F&amp;B.jpg","71324","downloaded"
"01-food-beverage","Food & Beverage","78","13","223","박카스","https://oxfordtoy.co.kr/portfolio/detail_popup.html?product_no=223&cate_no=78&display_group=1","013__223__박카스.jpg","218223","downloaded"
"01-food-beverage","Food & Beverage","78","14","216","또래오래","https://oxfordtoy.co.kr/portfolio/detail_popup.html?product_no=216&cate_no=78&display_group=1","014__216__또래오래.jpg","348765","downloaded"
"01-food-beverage","Food & Beverage","78","15","215","이바돔 감자탕","https://oxfordtoy.co.kr/portfolio/detail_popup.html?product_no=215&cate_no=78&display_group=1","015__215__이바돔 감자탕.jpg","222427","downloaded"
"01-food-beverage","Food & Beverage","78","16","214","쉐이크 쉑 버거","https://oxfordtoy.co.kr/portfolio/detail_popup.html?product_no=214&cate_no=78&display_group=1","016__214__쉐이크 쉑 버거.jpg","164463","downloaded"
"01-food-beverage","Food & Beverage","78","17","196","이삭 토스트","https://oxfordtoy.co.kr/portfolio/detail_popup.html?product_no=196&cate_no=78&display_group=1","017__196__이삭 토스트.jpg","205021","downloaded"
"01-food-beverage","Food & Beverage","78","18","195","크리스피 도넛","https://oxfordtoy.co.kr/portfolio/detail_popup.html?product_no=195&cate_no=78&display_group=1","018__195__크리스피 도넛.jpg","170358","downloaded"
"01-food-beverage","Food & Beverage","78","19","194","크리스피 도넛","https://oxfordtoy.co.kr/portfolio/detail_popup.html?product_no=194&cate_no=78&display_group=1","019__194__크리스피 도넛.jpg","189920","downloaded"
"01-food-beverage","Food & Beverage","78","20","191","크라운 제과","https://oxfordtoy.co.kr/portfolio/detail_popup.html?product_no=191&cate_no=78&display_group=1","020__191__크라운 제과.jpg","226760","downloaded"
"01-food-beverage","Food & Beverage","78","21","187","스무디킹","https://oxfordtoy.co.kr/portfolio/detail_popup.html?product_no=187&cate_no=78&display_group=1","021__187__스무디킹.jpg","1670537","downloaded"
"01-food-beverage","Food & Beverage","78","22","179","캘로그","https://oxfordtoy.co.kr/portfolio/detail_popup.html?product_no=179&cate_no=78&display_group=1","022__179__캘로그.jpg","156315","downloaded"
"01-food-beverage","Food & Beverage","78","23","159","KANU 맥심","https://oxfordtoy.co.kr/portfolio/detail_popup.html?product_no=159&cate_no=78&display_group=1","023__159__KANU 맥심.jpg","79346","downloaded"
"01-food-beverage","Food & Beverage","78","24","158","맥심 커피","https://oxfordtoy.co.kr/portfolio/detail_popup.html?product_no=158&cate_no=78&display_group=1","024__158__맥심 커피.jpg","1906613","downloaded"
"01-food-beverage","Food & Beverage","78","25","153","SUBWAY","https://oxfordtoy.co.kr/portfolio/detail_popup.html?product_no=153&cate_no=78&display_group=1","025__153__SUBWAY.jpg","168141","downloaded"
"01-food-beverage","Food & Beverage","78","26","129","이디야 커피","https://oxfordtoy.co.kr/portfolio/detail_popup.html?product_no=129&cate_no=78&display_group=1","026__129__이디야 커피.jpg","1833571","downloaded"
"01-food-beverage","Food & Beverage","78","27","128","이디야 커피","https://oxfordtoy.co.kr/portfolio/detail_popup.html?product_no=128&cate_no=78&display_group=1","027__128__이디야 커피.jpg","661480","downloaded"
"01-food-beverage","Food & Beverage","78","28","127","이디야 커피","https://oxfordtoy.co.kr/portfolio/detail_popup.html?product_no=127&cate_no=78&display_group=1","028__127__이디야 커피.jpg","695430","downloaded"
"01-food-beverage","Food & Beverage","78","29","125","CJ 제일제당","https://oxfordtoy.co.kr/portfolio/detail_popup.html?product_no=125&cate_no=78&display_group=1","029__125__CJ 제일제당.jpg","72441","downloaded"
"01-food-beverage","Food & Beverage","78","30","124","CJ 제일제당","https://oxfordtoy.co.kr/portfolio/detail_popup.html?product_no=124&cate_no=78&display_group=1","030__124__CJ 제일제당.jpg","635246","downloaded"
"01-food-beverage","Food & Beverage","78","31","123","CJ 제일제당","https://oxfordtoy.co.kr/portfolio/detail_popup.html?product_no=123&cate_no=78&display_group=1","031__123__CJ 제일제당.jpg","606826","downloaded"
"01-food-beverage","Food & Beverage","78","32","122","CJ 제일제당","https://oxfordtoy.co.kr/portfolio/detail_popup.html?product_no=122&cate_no=78&display_group=1","032__122__CJ 제일제당.jpg","619542","downloaded"
"01-food-beverage","Food & Beverage","78","33","27","배스킨라빈스","https://oxfordtoy.co.kr/portfolio/detail_popup.html?product_no=27&cate_no=78&display_group=1","033__27__배스킨라빈스.jpg","1540766","downloaded"
"01-food-beverage","Food & Beverage","78","34","26","배스킨라빈스","https://oxfordtoy.co.kr/portfolio/detail_popup.html?product_no=26&cate_no=78&display_group=1","034__26__배스킨라빈스.jpg","203765","downloaded"
"01-food-beverage","Food & Beverage","78","35","25","배스킨라빈스","https://oxfordtoy.co.kr/portfolio/detail_popup.html?product_no=25&cate_no=78&display_group=1","035__25__배스킨라빈스.jpg","220956","downloaded"
"01-food-beverage","Food & Beverage","78","36","24","배스킨라빈스","https://oxfordtoy.co.kr/portfolio/detail_popup.html?product_no=24&cate_no=78&display_group=1","036__24__배스킨라빈스.jpg","218286","downloaded"
"01-food-beverage","Food & Beverage","78","37","23","배스킨라빈스","https://oxfordtoy.co.kr/portfolio/detail_popup.html?product_no=23&cate_no=78&display_group=1","037__23__배스킨라빈스.jpg","234956","downloaded"
"01-food-beverage","Food & Beverage","78","38","22","배스킨라빈스","https://oxfordtoy.co.kr/portfolio/detail_popup.html?product_no=22&cate_no=78&display_group=1","038__22__배스킨라빈스.jpg","354156","downloaded"
"01-food-beverage","Food & Beverage","78","39","21","배스킨라빈스","https://oxfordtoy.co.kr/portfolio/detail_popup.html?product_no=21&cate_no=78&display_group=1","039__21__배스킨라빈스.jpg","384735","downloaded"
"01-food-beverage","Food & Beverage","78","40","20","배스킨라빈스","https://oxfordtoy.co.kr/portfolio/detail_popup.html?product_no=20&cate_no=78&display_group=1","040__20__배스킨라빈스.jpg","334925","downloaded"
"01-food-beverage","Food & Beverage","78","41","19","배스킨라빈스","https://oxfordtoy.co.kr/portfolio/detail_popup.html?product_no=19&cate_no=78&display_group=1","041__19__배스킨라빈스.jpg","336828","downloaded"
"02-retail-distribution-aviation","Retail, Distribution & Aviation","79","1","1394","PARATA AIR","https://oxfordtoy.co.kr/portfolio/detail_popup.html?product_no=1394&cate_no=79&display_group=1","001__1394__PARATA AIR.jpg","213488","downloaded"
"02-retail-distribution-aviation","Retail, Distribution & Aviation","79","2","1375","신세계백화점","https://oxfordtoy.co.kr/portfolio/detail_popup.html?product_no=1375&cate_no=79&display_group=1","002__1375__신세계백화점.jpg","71437","downloaded"
"02-retail-distribution-aviation","Retail, Distribution & Aviation","79","3","1334","다이소","https://oxfordtoy.co.kr/portfolio/detail_popup.html?product_no=1334&cate_no=79&display_group=1","003__1334__다이소.jpg","194084","downloaded"
"02-retail-distribution-aviation","Retail, Distribution & Aviation","79","4","1333","다이소","https://oxfordtoy.co.kr/portfolio/detail_popup.html?product_no=1333&cate_no=79&display_group=1","004__1333__다이소.jpg","215749","downloaded"
"02-retail-distribution-aviation","Retail, Distribution & Aviation","79","5","1332","다이소","https://oxfordtoy.co.kr/portfolio/detail_popup.html?product_no=1332&cate_no=79&display_group=1","005__1332__다이소.jpg","187006","downloaded"
"02-retail-distribution-aviation","Retail, Distribution & Aviation","79","6","1331","다이소","https://oxfordtoy.co.kr/portfolio/detail_popup.html?product_no=1331&cate_no=79&display_group=1","006__1331__다이소.jpg","190166","downloaded"
"02-retail-distribution-aviation","Retail, Distribution & Aviation","79","7","1286","트레이더스","https://oxfordtoy.co.kr/portfolio/detail_popup.html?product_no=1286&cate_no=79&display_group=1","007__1286__트레이더스.jpg","776033","downloaded"
"02-retail-distribution-aviation","Retail, Distribution & Aviation","79","8","227","대한항공","https://oxfordtoy.co.kr/portfolio/detail_popup.html?product_no=227&cate_no=79&display_group=1","008__227__대한항공.jpg","174307","downloaded"
"02-retail-distribution-aviation","Retail, Distribution & Aviation","79","9","226","대한항공","https://oxfordtoy.co.kr/portfolio/detail_popup.html?product_no=226&cate_no=79&display_group=1","009__226__대한항공.jpg","173044","downloaded"
"02-retail-distribution-aviation","Retail, Distribution & Aviation","79","10","222","세븐일레븐","https://oxfordtoy.co.kr/portfolio/detail_popup.html?product_no=222&cate_no=79&display_group=1","010__222__세븐일레븐.jpg","175282","downloaded"
"02-retail-distribution-aviation","Retail, Distribution & Aviation","79","11","209","롯데마트","https://oxfordtoy.co.kr/portfolio/detail_popup.html?product_no=209&cate_no=79&display_group=1","011__209__롯데마트.jpg","193604","downloaded"
"02-retail-distribution-aviation","Retail, Distribution & Aviation","79","12","205","이스타 항공","https://oxfordtoy.co.kr/portfolio/detail_popup.html?product_no=205&cate_no=79&display_group=1","012__205__이스타 항공.jpg","231703","downloaded"
"02-retail-distribution-aviation","Retail, Distribution & Aviation","79","13","188","티웨이 항공","https://oxfordtoy.co.kr/portfolio/detail_popup.html?product_no=188&cate_no=79&display_group=1","013__188__티웨이 항공.jpg","1585335","downloaded"
"02-retail-distribution-aviation","Retail, Distribution & Aviation","79","14","168","쏘카","https://oxfordtoy.co.kr/portfolio/detail_popup.html?product_no=168&cate_no=79&display_group=1","014__168__쏘카.jpg","596607","downloaded"
"02-retail-distribution-aviation","Retail, Distribution & Aviation","79","15","167","이마트","https://oxfordtoy.co.kr/portfolio/detail_popup.html?product_no=167&cate_no=79&display_group=1","015__167__이마트.jpg","1835767","downloaded"
"02-retail-distribution-aviation","Retail, Distribution & Aviation","79","16","166","이마트","https://oxfordtoy.co.kr/portfolio/detail_popup.html?product_no=166&cate_no=79&display_group=1","016__166__이마트.jpg","1854248","downloaded"
"02-retail-distribution-aviation","Retail, Distribution & Aviation","79","17","165","이마트","https://oxfordtoy.co.kr/portfolio/detail_popup.html?product_no=165&cate_no=79&display_group=1","017__165__이마트.jpg","1883660","downloaded"
"02-retail-distribution-aviation","Retail, Distribution & Aviation","79","18","164","제주항공","https://oxfordtoy.co.kr/portfolio/detail_popup.html?product_no=164&cate_no=79&display_group=1","018__164__제주항공.jpg","219628","downloaded"
"02-retail-distribution-aviation","Retail, Distribution & Aviation","79","19","163","제주항공","https://oxfordtoy.co.kr/portfolio/detail_popup.html?product_no=163&cate_no=79&display_group=1","019__163__제주항공.jpg","1631032","downloaded"
"02-retail-distribution-aviation","Retail, Distribution & Aviation","79","20","162","제주항공","https://oxfordtoy.co.kr/portfolio/detail_popup.html?product_no=162&cate_no=79&display_group=1","020__162__제주항공.jpg","1877737","downloaded"
"02-retail-distribution-aviation","Retail, Distribution & Aviation","79","21","160","서원유통 &amp; 동원","https://oxfordtoy.co.kr/portfolio/detail_popup.html?product_no=160&cate_no=79&display_group=1","021__160__서원유통 &amp; 동원.jpg","1789519","downloaded"
"02-retail-distribution-aviation","Retail, Distribution & Aviation","79","22","157","아시아나 항공","https://oxfordtoy.co.kr/portfolio/detail_popup.html?product_no=157&cate_no=79&display_group=1","022__157__아시아나 항공.jpg","203572","downloaded"
"02-retail-distribution-aviation","Retail, Distribution & Aviation","79","23","156","아시아나 항공","https://oxfordtoy.co.kr/portfolio/detail_popup.html?product_no=156&cate_no=79&display_group=1","023__156__아시아나 항공.jpg","195148","downloaded"
"02-retail-distribution-aviation","Retail, Distribution & Aviation","79","24","155","아시아나 항공","https://oxfordtoy.co.kr/portfolio/detail_popup.html?product_no=155&cate_no=79&display_group=1","024__155__아시아나 항공.jpg","1853705","downloaded"
"02-retail-distribution-aviation","Retail, Distribution & Aviation","79","25","69","SK엔크린","https://oxfordtoy.co.kr/portfolio/detail_popup.html?product_no=69&cate_no=79&display_group=1","025__69__SK엔크린.jpg","114739","downloaded"
"02-retail-distribution-aviation","Retail, Distribution & Aviation","79","26","68","SK엔크린","https://oxfordtoy.co.kr/portfolio/detail_popup.html?product_no=68&cate_no=79&display_group=1","026__68__SK엔크린.jpg","175465","downloaded"
"02-retail-distribution-aviation","Retail, Distribution & Aviation","79","27","67","SK엔크린","https://oxfordtoy.co.kr/portfolio/detail_popup.html?product_no=67&cate_no=79&display_group=1","027__67__SK엔크린.jpg","190084","downloaded"
"02-retail-distribution-aviation","Retail, Distribution & Aviation","79","28","66","SK엔크린","https://oxfordtoy.co.kr/portfolio/detail_popup.html?product_no=66&cate_no=79&display_group=1","028__66__SK엔크린.jpg","152346","downloaded"
"02-retail-distribution-aviation","Retail, Distribution & Aviation","79","29","65","SK엔크린","https://oxfordtoy.co.kr/portfolio/detail_popup.html?product_no=65&cate_no=79&display_group=1","029__65__SK엔크린.jpg","1867535","downloaded"
"02-retail-distribution-aviation","Retail, Distribution & Aviation","79","30","64","SK엔크린","https://oxfordtoy.co.kr/portfolio/detail_popup.html?product_no=64&cate_no=79&display_group=1","030__64__SK엔크린.jpg","626186","downloaded"
"02-retail-distribution-aviation","Retail, Distribution & Aviation","79","31","63","SK엔크린","https://oxfordtoy.co.kr/portfolio/detail_popup.html?product_no=63&cate_no=79&display_group=1","031__63__SK엔크린.jpg","452136","downloaded"
"02-retail-distribution-aviation","Retail, Distribution & Aviation","79","32","62","SK엔크린","https://oxfordtoy.co.kr/portfolio/detail_popup.html?product_no=62&cate_no=79&display_group=1","032__62__SK엔크린.jpg","1634611","downloaded"
"03-public-research","Public Institutions & Research","80","1","1423","한국공항공사","https://oxfordtoy.co.kr/portfolio/detail_popup.html?product_no=1423&cate_no=80&display_group=1","001__1423__한국공항공사.jpg","210697","downloaded"
"03-public-research","Public Institutions & Research","80","2","1418","해양경찰","https://oxfordtoy.co.kr/portfolio/detail_popup.html?product_no=1418&cate_no=80&display_group=1","002__1418__해양경찰.jpg","343751","downloaded"
"03-public-research","Public Institutions & Research","80","3","1415","인천","https://oxfordtoy.co.kr/portfolio/detail_popup.html?product_no=1415&cate_no=80&display_group=1","003__1415__인천.jpg","165053","downloaded"
"03-public-research","Public Institutions & Research","80","4","1414","경찰청","https://oxfordtoy.co.kr/portfolio/detail_popup.html?product_no=1414&cate_no=80&display_group=1","004__1414__경찰청.jpg","239862","downloaded"
"03-public-research","Public Institutions & Research","80","5","1413","경찰청","https://oxfordtoy.co.kr/portfolio/detail_popup.html?product_no=1413&cate_no=80&display_group=1","005__1413__경찰청.jpg","222367","downloaded"
"03-public-research","Public Institutions & Research","80","6","1412","경찰청","https://oxfordtoy.co.kr/portfolio/detail_popup.html?product_no=1412&cate_no=80&display_group=1","006__1412__경찰청.jpg","247679","downloaded"
"03-public-research","Public Institutions & Research","80","7","1411","경찰청","https://oxfordtoy.co.kr/portfolio/detail_popup.html?product_no=1411&cate_no=80&display_group=1","007__1411__경찰청.jpg","241671","downloaded"
"03-public-research","Public Institutions & Research","80","8","1398","LIG Defense&amp;Aerospace","https://oxfordtoy.co.kr/portfolio/detail_popup.html?product_no=1398&cate_no=80&display_group=1","008__1398__LIG Defense&amp;Aerospace.jpg","116143","downloaded"
"03-public-research","Public Institutions & Research","80","9","1397","LIG Defense&amp;Aerospace","https://oxfordtoy.co.kr/portfolio/detail_popup.html?product_no=1397&cate_no=80&display_group=1","009__1397__LIG Defense&amp;Aerospace.jpg","220350","downloaded"
"03-public-research","Public Institutions & Research","80","10","1396","LIG Defense&amp;Aerospace","https://oxfordtoy.co.kr/portfolio/detail_popup.html?product_no=1396&cate_no=80&display_group=1","010__1396__LIG Defense&amp;Aerospace.jpg","255336","downloaded"
"03-public-research","Public Institutions & Research","80","11","1393","방위사업청","https://oxfordtoy.co.kr/portfolio/detail_popup.html?product_no=1393&cate_no=80&display_group=1","011__1393__방위사업청.jpg","165380","downloaded"
"03-public-research","Public Institutions & Research","80","12","1376","한국철도공사","https://oxfordtoy.co.kr/portfolio/detail_popup.html?product_no=1376&cate_no=80&display_group=1","012__1376__한국철도공사.jpg","303749","downloaded"
"03-public-research","Public Institutions & Research","80","13","1373","SK하이닉스","https://oxfordtoy.co.kr/portfolio/detail_popup.html?product_no=1373&cate_no=80&display_group=1","013__1373__SK하이닉스.jpg","138795","downloaded"
"03-public-research","Public Institutions & Research","80","14","1372","SK하이닉스","https://oxfordtoy.co.kr/portfolio/detail_popup.html?product_no=1372&cate_no=80&display_group=1","014__1372__SK하이닉스.jpg","148165","downloaded"
"03-public-research","Public Institutions & Research","80","15","1370","안성3ㆍ1운동기념관","https://oxfordtoy.co.kr/portfolio/detail_popup.html?product_no=1370&cate_no=80&display_group=1","015__1370__안성3ㆍ1운동기념관.jpg","133006","downloaded"
"03-public-research","Public Institutions & Research","80","16","1341","한국재료연구원","https://oxfordtoy.co.kr/portfolio/detail_popup.html?product_no=1341&cate_no=80&display_group=1","016__1341__한국재료연구원.jpg","137263","downloaded"
"03-public-research","Public Institutions & Research","80","17","1340","한국수력원자력","https://oxfordtoy.co.kr/portfolio/detail_popup.html?product_no=1340&cate_no=80&display_group=1","017__1340__한국수력원자력.jpg","122657","downloaded"
"03-public-research","Public Institutions & Research","80","18","1336","방위사업청","https://oxfordtoy.co.kr/portfolio/detail_popup.html?product_no=1336&cate_no=80&display_group=1","018__1336__방위사업청.jpg","308035","downloaded"
"03-public-research","Public Institutions & Research","80","19","1329","국립아시아문화전당재단","https://oxfordtoy.co.kr/portfolio/detail_popup.html?product_no=1329&cate_no=80&display_group=1","019__1329__국립아시아문화전당재단.jpg","142777","downloaded"
"03-public-research","Public Institutions & Research","80","20","1328","경주 천년한우","https://oxfordtoy.co.kr/portfolio/detail_popup.html?product_no=1328&cate_no=80&display_group=1","020__1328__경주 천년한우.jpg","207490","downloaded"
"03-public-research","Public Institutions & Research","80","21","1322","방위사업청","https://oxfordtoy.co.kr/portfolio/detail_popup.html?product_no=1322&cate_no=80&display_group=1","021__1322__방위사업청.jpg","112858","downloaded"
"03-public-research","Public Institutions & Research","80","22","1308","강원 산불방지센터","https://oxfordtoy.co.kr/portfolio/detail_popup.html?product_no=1308&cate_no=80&display_group=1","022__1308__강원 산불방지센터.jpg","479369","downloaded"
"03-public-research","Public Institutions & Research","80","23","1306","경기도박물관","https://oxfordtoy.co.kr/portfolio/detail_popup.html?product_no=1306&cate_no=80&display_group=1","023__1306__경기도박물관.jpg","349480","downloaded"
"03-public-research","Public Institutions & Research","80","24","1287","연세세브란스","https://oxfordtoy.co.kr/portfolio/detail_popup.html?product_no=1287&cate_no=80&display_group=1","024__1287__연세세브란스.jpg","820809","downloaded"
"03-public-research","Public Institutions & Research","80","25","1285","한국원자력환경복원연구원","https://oxfordtoy.co.kr/portfolio/detail_popup.html?product_no=1285&cate_no=80&display_group=1","025__1285__한국원자력환경복원연구원.jpg","139689","downloaded"
"03-public-research","Public Institutions & Research","80","26","1258","해양경찰","https://oxfordtoy.co.kr/portfolio/detail_popup.html?product_no=1258&cate_no=80&display_group=1","026__1258__해양경찰.jpg","917446","downloaded"
"03-public-research","Public Institutions & Research","80","27","252","경찰청","https://oxfordtoy.co.kr/portfolio/detail_popup.html?product_no=252&cate_no=80&display_group=1","027__252__경찰청.jpg","143672","downloaded"
"03-public-research","Public Institutions & Research","80","28","251","경찰청","https://oxfordtoy.co.kr/portfolio/detail_popup.html?product_no=251&cate_no=80&display_group=1","028__251__경찰청.jpg","148364","downloaded"
"03-public-research","Public Institutions & Research","80","29","218","국립서울현충원","https://oxfordtoy.co.kr/portfolio/detail_popup.html?product_no=218&cate_no=80&display_group=1","029__218__국립서울현충원.jpg","119854","downloaded"
"03-public-research","Public Institutions & Research","80","30","212","대한적십자사","https://oxfordtoy.co.kr/portfolio/detail_popup.html?product_no=212&cate_no=80&display_group=1","030__212__대한적십자사.jpg","116326","downloaded"
"03-public-research","Public Institutions & Research","80","31","211","대한적십자사","https://oxfordtoy.co.kr/portfolio/detail_popup.html?product_no=211&cate_no=80&display_group=1","031__211__대한적십자사.jpg","169656","downloaded"
"03-public-research","Public Institutions & Research","80","32","207","산림청","https://oxfordtoy.co.kr/portfolio/detail_popup.html?product_no=207&cate_no=80&display_group=1","032__207__산림청.jpg","187321","downloaded"
"03-public-research","Public Institutions & Research","80","33","206","산림청","https://oxfordtoy.co.kr/portfolio/detail_popup.html?product_no=206&cate_no=80&display_group=1","033__206__산림청.jpg","201317","downloaded"
"04-games-broadcast-media","Games, Broadcast & Media","81","1","1417","모펀","https://oxfordtoy.co.kr/portfolio/detail_popup.html?product_no=1417&cate_no=81&display_group=1","001__1417__모펀.jpg","185697","downloaded"
"04-games-broadcast-media","Games, Broadcast & Media","81","2","1368","마비노기","https://oxfordtoy.co.kr/portfolio/detail_popup.html?product_no=1368&cate_no=81&display_group=1","002__1368__마비노기.jpg","250487","downloaded"
"04-games-broadcast-media","Games, Broadcast & Media","81","3","1367","블루아카이브","https://oxfordtoy.co.kr/portfolio/detail_popup.html?product_no=1367&cate_no=81&display_group=1","003__1367__블루아카이브.jpg","332695","downloaded"
"04-games-broadcast-media","Games, Broadcast & Media","81","4","1366","블루아카이브","https://oxfordtoy.co.kr/portfolio/detail_popup.html?product_no=1366&cate_no=81&display_group=1","004__1366__블루아카이브.jpg","278962","downloaded"
"04-games-broadcast-media","Games, Broadcast & Media","81","5","233","드라마 펜트하우스","https://oxfordtoy.co.kr/portfolio/detail_popup.html?product_no=233&cate_no=81&display_group=1","005__233__드라마 펜트하우스.jpg","181514","downloaded"
"04-games-broadcast-media","Games, Broadcast & Media","81","6","221","tvN - 현지에서 먹힐까(미국편)","https://oxfordtoy.co.kr/portfolio/detail_popup.html?product_no=221&cate_no=81&display_group=1","006__221__tvN - 현지에서 먹힐까(미국편).jpg","146734","downloaded"
"04-games-broadcast-media","Games, Broadcast & Media","81","7","208","이태리탕","https://oxfordtoy.co.kr/portfolio/detail_popup.html?product_no=208&cate_no=81&display_group=1","007__208__이태리탕.jpg","2804467","downloaded"
"04-games-broadcast-media","Games, Broadcast & Media","81","8","200","SM 엔터테이먼트","https://oxfordtoy.co.kr/portfolio/detail_popup.html?product_no=200&cate_no=81&display_group=1","008__200__SM 엔터테이먼트.jpg","112125","downloaded"
"04-games-broadcast-media","Games, Broadcast & Media","81","9","199","SM 엔터테이먼트","https://oxfordtoy.co.kr/portfolio/detail_popup.html?product_no=199&cate_no=81&display_group=1","009__199__SM 엔터테이먼트.jpg","226380","downloaded"
"04-games-broadcast-media","Games, Broadcast & Media","81","10","198","SM 엔터테이먼트","https://oxfordtoy.co.kr/portfolio/detail_popup.html?product_no=198&cate_no=81&display_group=1","010__198__SM 엔터테이먼트.jpg","145751","downloaded"
"04-games-broadcast-media","Games, Broadcast & Media","81","11","193","CGV","https://oxfordtoy.co.kr/portfolio/detail_popup.html?product_no=193&cate_no=81&display_group=1","011__193__CGV.jpg","87433","downloaded"
"04-games-broadcast-media","Games, Broadcast & Media","81","12","192","CGV","https://oxfordtoy.co.kr/portfolio/detail_popup.html?product_no=192&cate_no=81&display_group=1","012__192__CGV.jpg","1688040","downloaded"
"04-games-broadcast-media","Games, Broadcast & Media","81","13","184","미래엔아이세움","https://oxfordtoy.co.kr/portfolio/detail_popup.html?product_no=184&cate_no=81&display_group=1","013__184__미래엔아이세움.jpg","139142","downloaded"
"04-games-broadcast-media","Games, Broadcast & Media","81","14","183","KTOON","https://oxfordtoy.co.kr/portfolio/detail_popup.html?product_no=183&cate_no=81&display_group=1","014__183__KTOON.jpg","88944","downloaded"
"04-games-broadcast-media","Games, Broadcast & Media","81","15","182","KTOON","https://oxfordtoy.co.kr/portfolio/detail_popup.html?product_no=182&cate_no=81&display_group=1","015__182__KTOON.jpg","325810","downloaded"
"04-games-broadcast-media","Games, Broadcast & Media","81","16","131","BTS 방탄소년단","https://oxfordtoy.co.kr/portfolio/detail_popup.html?product_no=131&cate_no=81&display_group=1","016__131__BTS 방탄소년단.jpg","463315","downloaded"
"04-games-broadcast-media","Games, Broadcast & Media","81","17","103","MBC","https://oxfordtoy.co.kr/portfolio/detail_popup.html?product_no=103&cate_no=81&display_group=1","017__103__MBC.jpg","1824038","downloaded"
"04-games-broadcast-media","Games, Broadcast & Media","81","18","102","MBC","https://oxfordtoy.co.kr/portfolio/detail_popup.html?product_no=102&cate_no=81&display_group=1","018__102__MBC.jpg","1940836","downloaded"
"04-games-broadcast-media","Games, Broadcast & Media","81","19","101","MBC","https://oxfordtoy.co.kr/portfolio/detail_popup.html?product_no=101&cate_no=81&display_group=1","019__101__MBC.jpg","678094","downloaded"
"04-games-broadcast-media","Games, Broadcast & Media","81","20","100","MBC","https://oxfordtoy.co.kr/portfolio/detail_popup.html?product_no=100&cate_no=81&display_group=1","020__100__MBC.jpg","559829","downloaded"
"05-other","Other","82","1","1422","HD현대","https://oxfordtoy.co.kr/portfolio/detail_popup.html?product_no=1422&cate_no=82&display_group=1","001__1422__HD현대.jpg","62522","downloaded"
"05-other","Other","82","2","1421","HD현대","https://oxfordtoy.co.kr/portfolio/detail_popup.html?product_no=1421&cate_no=82&display_group=1","002__1421__HD현대.jpg","54711","downloaded"
"05-other","Other","82","3","1420","현대자동차","https://oxfordtoy.co.kr/portfolio/detail_popup.html?product_no=1420&cate_no=82&display_group=1","003__1420__현대자동차.jpg","213090","downloaded"
"05-other","Other","82","4","1419","현대위아","https://oxfordtoy.co.kr/portfolio/detail_popup.html?product_no=1419&cate_no=82&display_group=1","004__1419__현대위아.jpg","182204","downloaded"
"05-other","Other","82","5","1409","KIA","https://oxfordtoy.co.kr/portfolio/detail_popup.html?product_no=1409&cate_no=82&display_group=1","005__1409__KIA.jpg","277838","downloaded"
"05-other","Other","82","6","1408","KIA","https://oxfordtoy.co.kr/portfolio/detail_popup.html?product_no=1408&cate_no=82&display_group=1","006__1408__KIA.jpg","265649","downloaded"
"05-other","Other","82","7","1407","KIA","https://oxfordtoy.co.kr/portfolio/detail_popup.html?product_no=1407&cate_no=82&display_group=1","007__1407__KIA.jpg","195920","downloaded"
"05-other","Other","82","8","1405","HD현대 XITESOLUTION","https://oxfordtoy.co.kr/portfolio/detail_popup.html?product_no=1405&cate_no=82&display_group=1","008__1405__HD현대 XITESOLUTION.jpg","142874","downloaded"
"05-other","Other","82","9","1404","HD현대 XITESOLUTION","https://oxfordtoy.co.kr/portfolio/detail_popup.html?product_no=1404&cate_no=82&display_group=1","009__1404__HD현대 XITESOLUTION.jpg","215240","downloaded"
"05-other","Other","82","10","1395","Bobcat","https://oxfordtoy.co.kr/portfolio/detail_popup.html?product_no=1395&cate_no=82&display_group=1","010__1395__Bobcat.jpg","158362","downloaded"
"05-other","Other","82","11","1392","AETHER CT","https://oxfordtoy.co.kr/portfolio/detail_popup.html?product_no=1392&cate_no=82&display_group=1","011__1392__AETHER CT.jpg","300324","downloaded"
"05-other","Other","82","12","1391","한국마사회","https://oxfordtoy.co.kr/portfolio/detail_popup.html?product_no=1391&cate_no=82&display_group=1","012__1391__한국마사회.jpg","78234","downloaded"
"05-other","Other","82","13","1390","안성 3.1운동 기념관","https://oxfordtoy.co.kr/portfolio/detail_popup.html?product_no=1390&cate_no=82&display_group=1","013__1390__안성 3.1운동 기념관.jpg","147399","downloaded"
"05-other","Other","82","14","1389","오설록","https://oxfordtoy.co.kr/portfolio/detail_popup.html?product_no=1389&cate_no=82&display_group=1","014__1389__오설록.jpg","72128","downloaded"
"05-other","Other","82","15","1388","KIA","https://oxfordtoy.co.kr/portfolio/detail_popup.html?product_no=1388&cate_no=82&display_group=1","015__1388__KIA.jpg","138976","downloaded"
"05-other","Other","82","16","1387","KIA","https://oxfordtoy.co.kr/portfolio/detail_popup.html?product_no=1387&cate_no=82&display_group=1","016__1387__KIA.jpg","118322","downloaded"
"05-other","Other","82","17","1386","한미반도체","https://oxfordtoy.co.kr/portfolio/detail_popup.html?product_no=1386&cate_no=82&display_group=1","017__1386__한미반도체.jpg","178359","downloaded"
"05-other","Other","82","18","1385","LG디스플레이","https://oxfordtoy.co.kr/portfolio/detail_popup.html?product_no=1385&cate_no=82&display_group=1","018__1385__LG디스플레이.jpg","209614","downloaded"
"05-other","Other","82","19","1374","웨스틴조선서울","https://oxfordtoy.co.kr/portfolio/detail_popup.html?product_no=1374&cate_no=82&display_group=1","019__1374__웨스틴조선서울.jpg","80675","downloaded"
"05-other","Other","82","20","1344","현대건설","https://oxfordtoy.co.kr/portfolio/detail_popup.html?product_no=1344&cate_no=82&display_group=1","020__1344__현대건설.jpg","270258","downloaded"
"05-other","Other","82","21","1343","현대건설","https://oxfordtoy.co.kr/portfolio/detail_popup.html?product_no=1343&cate_no=82&display_group=1","021__1343__현대건설.jpg","253837","downloaded"
"05-other","Other","82","22","1342","현대건설","https://oxfordtoy.co.kr/portfolio/detail_popup.html?product_no=1342&cate_no=82&display_group=1","022__1342__현대건설.jpg","275592","downloaded"
"05-other","Other","82","23","1337","제이오텍","https://oxfordtoy.co.kr/portfolio/detail_popup.html?product_no=1337&cate_no=82&display_group=1","023__1337__제이오텍.jpg","84740","downloaded"
"05-other","Other","82","24","1330","아마존웹서비스","https://oxfordtoy.co.kr/portfolio/detail_popup.html?product_no=1330&cate_no=82&display_group=1","024__1330__아마존웹서비스.jpg","73939","downloaded"
"05-other","Other","82","25","1327","SK하이닉스","https://oxfordtoy.co.kr/portfolio/detail_popup.html?product_no=1327&cate_no=82&display_group=1","025__1327__SK하이닉스.jpg","577911","downloaded"
"05-other","Other","82","26","1326","NHN","https://oxfordtoy.co.kr/portfolio/detail_popup.html?product_no=1326&cate_no=82&display_group=1","026__1326__NHN.jpg","166371","downloaded"
"05-other","Other","82","27","1325","LIG넥스원","https://oxfordtoy.co.kr/portfolio/detail_popup.html?product_no=1325&cate_no=82&display_group=1","027__1325__LIG넥스원.jpg","166337","downloaded"
"05-other","Other","82","28","1324","LIG넥스원","https://oxfordtoy.co.kr/portfolio/detail_popup.html?product_no=1324&cate_no=82&display_group=1","028__1324__LIG넥스원.jpg","179379","downloaded"
"05-other","Other","82","29","1323","LG디스플레이","https://oxfordtoy.co.kr/portfolio/detail_popup.html?product_no=1323&cate_no=82&display_group=1","029__1323__LG디스플레이.jpg","116586","downloaded"
"05-other","Other","82","30","1321","LS엠트론","https://oxfordtoy.co.kr/portfolio/detail_popup.html?product_no=1321&cate_no=82&display_group=1","030__1321__LS엠트론.jpg","880515","downloaded"
"05-other","Other","82","31","1320","LS엠트론","https://oxfordtoy.co.kr/portfolio/detail_popup.html?product_no=1320&cate_no=82&display_group=1","031__1320__LS엠트론.jpg","754135","downloaded"
"05-other","Other","82","32","1312","HD현대","https://oxfordtoy.co.kr/portfolio/detail_popup.html?product_no=1312&cate_no=82&display_group=1","032__1312__HD현대.jpg","1008513","downloaded"
"05-other","Other","82","33","1311","HD현대","https://oxfordtoy.co.kr/portfolio/detail_popup.html?product_no=1311&cate_no=82&display_group=1","033__1311__HD현대.jpg","1065161","downloaded"
"05-other","Other","82","34","1310","한컴","https://oxfordtoy.co.kr/portfolio/detail_popup.html?product_no=1310&cate_no=82&display_group=1","034__1310__한컴.jpg","450267","downloaded"
"05-other","Other","82","35","1309","아이파킹","https://oxfordtoy.co.kr/portfolio/detail_popup.html?product_no=1309&cate_no=82&display_group=1","035__1309__아이파킹.jpg","669363","downloaded"
"05-other","Other","82","36","1305","SK하이닉스","https://oxfordtoy.co.kr/portfolio/detail_popup.html?product_no=1305&cate_no=82&display_group=1","036__1305__SK하이닉스.jpg","646459","downloaded"
"05-other","Other","82","37","1304","SK이노베이션","https://oxfordtoy.co.kr/portfolio/detail_popup.html?product_no=1304&cate_no=82&display_group=1","037__1304__SK이노베이션.jpg","848451","downloaded"
"05-other","Other","82","38","1303","SK이노베이션","https://oxfordtoy.co.kr/portfolio/detail_popup.html?product_no=1303&cate_no=82&display_group=1","038__1303__SK이노베이션.jpg","880303","downloaded"
"05-other","Other","82","39","1302","SK이노베이션","https://oxfordtoy.co.kr/portfolio/detail_popup.html?product_no=1302&cate_no=82&display_group=1","039__1302__SK이노베이션.jpg","975912","downloaded"
"05-other","Other","82","40","1301","앰배서더 호텔 그룹","https://oxfordtoy.co.kr/portfolio/detail_popup.html?product_no=1301&cate_no=82&display_group=1","040__1301__앰배서더 호텔 그룹.jpg","289966","downloaded"
"05-other","Other","82","41","1289","기아자동차","https://oxfordtoy.co.kr/portfolio/detail_popup.html?product_no=1289&cate_no=82&display_group=1","041__1289__기아자동차.jpg","450396","downloaded"
"05-other","Other","82","42","1288","기아자동차","https://oxfordtoy.co.kr/portfolio/detail_popup.html?product_no=1288&cate_no=82&display_group=1","042__1288__기아자동차.jpg","469874","downloaded"
"05-other","Other","82","43","213","비발디 파크 오션월드","https://oxfordtoy.co.kr/portfolio/detail_popup.html?product_no=213&cate_no=82&display_group=1","043__213__비발디 파크 오션월드.jpg","294489","downloaded"
"05-other","Other","82","44","190","함소아 한의원","https://oxfordtoy.co.kr/portfolio/detail_popup.html?product_no=190&cate_no=82&display_group=1","044__190__함소아 한의원.jpg","69737","downloaded"
"05-other","Other","82","45","189","함소아 한의원","https://oxfordtoy.co.kr/portfolio/detail_popup.html?product_no=189&cate_no=82&display_group=1","045__189__함소아 한의원.jpg","1741043","downloaded"
"05-other","Other","82","46","186","광주FC","https://oxfordtoy.co.kr/portfolio/detail_popup.html?product_no=186&cate_no=82&display_group=1","046__186__광주FC.jpg","71151","downloaded"
"05-other","Other","82","47","185","수원삼성 블루윙즈 축구단","https://oxfordtoy.co.kr/portfolio/detail_popup.html?product_no=185&cate_no=82&display_group=1","047__185__수원삼성 블루윙즈 축구단.jpg","201808","downloaded"
"05-other","Other","82","48","181","KT","https://oxfordtoy.co.kr/portfolio/detail_popup.html?product_no=181&cate_no=82&display_group=1","048__181__KT.jpg","134141","downloaded"
"05-other","Other","82","49","180","빨간펜","https://oxfordtoy.co.kr/portfolio/detail_popup.html?product_no=180&cate_no=82&display_group=1","049__180__빨간펜.jpg","147639","downloaded"
"05-other","Other","82","50","178","JScompany","https://oxfordtoy.co.kr/portfolio/detail_popup.html?product_no=178&cate_no=82&display_group=1","050__178__JScompany.jpg","780189","downloaded"
"05-other","Other","82","51","154","키자니아","https://oxfordtoy.co.kr/portfolio/detail_popup.html?product_no=154&cate_no=82&display_group=1","051__154__키자니아.jpg","631481","downloaded"
"05-other","Other","82","52","150","에브리타운","https://oxfordtoy.co.kr/portfolio/detail_popup.html?product_no=150&cate_no=82&display_group=1","052__150__에브리타운.jpg","1615685","downloaded"
"05-other","Other","82","53","149","한국야구위원회 KBO","https://oxfordtoy.co.kr/portfolio/detail_popup.html?product_no=149&cate_no=82&display_group=1","053__149__한국야구위원회 KBO.jpg","425965","downloaded"
"05-other","Other","82","54","148","한국야구위원회 KBO","https://oxfordtoy.co.kr/portfolio/detail_popup.html?product_no=148&cate_no=82&display_group=1","054__148__한국야구위원회 KBO.jpg","442904","downloaded"
"05-other","Other","82","55","147","한국야구위원회 KBO","https://oxfordtoy.co.kr/portfolio/detail_popup.html?product_no=147&cate_no=82&display_group=1","055__147__한국야구위원회 KBO.jpg","462595","downloaded"
"05-other","Other","82","56","146","한국야구위원회 KBO","https://oxfordtoy.co.kr/portfolio/detail_popup.html?product_no=146&cate_no=82&display_group=1","056__146__한국야구위원회 KBO.jpg","1673746","downloaded"
"05-other","Other","82","57","145","한국야구위원회 KBO","https://oxfordtoy.co.kr/portfolio/detail_popup.html?product_no=145&cate_no=82&display_group=1","057__145__한국야구위원회 KBO.jpg","1686295","downloaded"
"05-other","Other","82","58","144","한국야구위원회 KBO","https://oxfordtoy.co.kr/portfolio/detail_popup.html?product_no=144&cate_no=82&display_group=1","058__144__한국야구위원회 KBO.jpg","1668999","downloaded"
"05-other","Other","82","59","143","한국야구위원회 KBO","https://oxfordtoy.co.kr/portfolio/detail_popup.html?product_no=143&cate_no=82&display_group=1","059__143__한국야구위원회 KBO.jpg","1634564","downloaded"
"05-other","Other","82","60","142","한국야구위원회 KBO","https://oxfordtoy.co.kr/portfolio/detail_popup.html?product_no=142&cate_no=82&display_group=1","060__142__한국야구위원회 KBO.jpg","1666151","downloaded"
"05-other","Other","82","61","141","한국야구위원회 KBO","https://oxfordtoy.co.kr/portfolio/detail_popup.html?product_no=141&cate_no=82&display_group=1","061__141__한국야구위원회 KBO.jpg","1667772","downloaded"
"05-other","Other","82","62","140","한국야구위원회 KBO","https://oxfordtoy.co.kr/portfolio/detail_popup.html?product_no=140&cate_no=82&display_group=1","062__140__한국야구위원회 KBO.jpg","1690645","downloaded"
"05-other","Other","82","63","139","한국야구위원회 KBO","https://oxfordtoy.co.kr/portfolio/detail_popup.html?product_no=139&cate_no=82&display_group=1","063__139__한국야구위원회 KBO.jpg","462549","downloaded"
"05-other","Other","82","64","138","한국야구위원회 KBO","https://oxfordtoy.co.kr/portfolio/detail_popup.html?product_no=138&cate_no=82&display_group=1","064__138__한국야구위원회 KBO.jpg","449031","downloaded"
"05-other","Other","82","65","137","한국야구위원회 KBO","https://oxfordtoy.co.kr/portfolio/detail_popup.html?product_no=137&cate_no=82&display_group=1","065__137__한국야구위원회 KBO.jpg","440770","downloaded"
"05-other","Other","82","66","136","한국야구위원회 KBO","https://oxfordtoy.co.kr/portfolio/detail_popup.html?product_no=136&cate_no=82&display_group=1","066__136__한국야구위원회 KBO.jpg","459097","downloaded"
"05-other","Other","82","67","135","한국야구위원회 KBO","https://oxfordtoy.co.kr/portfolio/detail_popup.html?product_no=135&cate_no=82&display_group=1","067__135__한국야구위원회 KBO.jpg","1582811","downloaded"
"05-other","Other","82","68","134","한국야구위원회 KBO","https://oxfordtoy.co.kr/portfolio/detail_popup.html?product_no=134&cate_no=82&display_group=1","068__134__한국야구위원회 KBO.jpg","715704","downloaded"
"05-other","Other","82","69","133","한국야구위원회 KBO","https://oxfordtoy.co.kr/portfolio/detail_popup.html?product_no=133&cate_no=82&display_group=1","069__133__한국야구위원회 KBO.jpg","708580","downloaded"
"05-other","Other","82","70","132","한국야구위원회 KBO","https://oxfordtoy.co.kr/portfolio/detail_popup.html?product_no=132&cate_no=82&display_group=1","070__132__한국야구위원회 KBO.jpg","725319","downloaded"
